,코드,날짜,언론사,기사제목,링크,기사내용
0,005930, 2020.06.19 13:32,아시아경제,"[속보]이재용, 화성 삼성반도체 연구소에서 미래전략 점검",https://finance.naver.com/item/news_read.nhn?article_id=0004702066&office_id=277&code=005930&page=1&sm=, 이창환 기자 goldfish@asiae.co.kr
1,005930, 2020.06.19 13:32,아시아경제,"삼성전자, 최근 5일 개인 540만 1159주 순매수... 주가 5만 ...",https://finance.naver.com/item/news_read.nhn?article_id=0004702067&office_id=277&code=005930&page=1&sm=," 삼성전자는 19일 오후 1시 32분 현재 전일과 같은 5만 2300원에 거래되고 있다. 거래량은 866만 3773주로 전일 거래량 대비 55.21% 수준이다. 삼성전자는 글로벌 IT기업으로 알려져 있다.  6월 16일 SK증권의 김영우 연구원은 ① ‘20.2Q 스마트폰 판매 부진으로, 메모리 반도체까지 실적 부진 예상. ② 글로벌 수요는 스마트폰 YoY -14%, TV -8% 수준의 수요 하락 가능성 제기되고 있으나, 자금력이 풍부한 동사의 시장점유율 확대의 적기. ’21년 수요 회복시 가파른 실적 개선 전망. ③ 코로나19  위기를 지나면, 세상은 극단적으로 CLOUD 기반의 플랫폼 환경으로 빠르게 전환될 가능성 높음. 반면 올해 반도체 CAPEX는 보수적.이라며 삼성전자의 목표가를 6만 8000원으로 발표했다. 최근 5일 동안 개인 투자자들은 삼성전자를 540만 1159주 순매수 했고, 외국인과 기관은 각각 248만 947주 순매도, 313만 4375주 순매도 했다.   ※자료출처 : 인공지능 투자 비서 AI라씨로※ 이 기사는 아시아경제와 금융 AI 전문기업 씽크풀이 공동 개발한 기사 자동생성 알고리즘에 의해 실시간으로 작성된 것입니다. 아경봇 기자 r2@asiae.co.kr"
2,005930, 2020.06.19 13:24,머니투데이,CES도 축소…삼성·LG 신제품 디지털 쇼로 보나,https://finance.naver.com/item/news_read.nhn?article_id=0004427597&office_id=008&code=005930&page=1&sm=," [머니투데이 이정혁 기자]  삼성전자는 6일(현지 시간) 미국 라스베이거스에서 CES 2020 기조연설에 참가해 미래 기술이 나아갈 방향을 제시한다. 삼성전자 김현석 대표가 CES 2020 기조연설을 통해 경험의 시대(Age of Experience) 를 주도할 삼성전자의 최신 기술과 제품을 설명하고 있다/사진제공=삼성전자세계 최대 가전·IT 전시회 CES 2021이 코로나19(COVID-19) 여파로 오프라인 행사 축소를 공식화했다. 매년 CES에서 혁신제품을 선보인 삼성전자와 LG전자도 내년에는 신제품을 온라인으로 공개할 전망이다.19일 관련업계에 따르면 CES를 주관하는 CTA(미국소비자기술협회)는 내년 1월6~9일(현지시간) 미국 라스베이거스에서 열리는 CES 2021의 디지털 쇼 확대 방안을 최근 발표했다.CTA는 ""오프라인 행사를 기획하고 있지만 코로나19로 새로운 고민에 직면한 상태""라며 ""디지털 가상회의와 라이브 스트림을 통해 CES의 다양한 콘텐츠를 볼 수 있을 것""이라고 밝혔다.CES는 통상 삼성전자와 LG전자를 필두로 4500여개 기업이 참가하고 18만명의 관람객이 찾는다. CTA는 전시장인 라스베이거스 컨벤션센터 정기 소독과 마스크 미착용시 입장 불가, 행사장 내 신용카드 사용 등의 계획을 내놨지만 오프라인 행사 축소는 불가피하다는 판단에 디지털 쇼 도입을 발표한 것으로 보인다.특히 미국 CDC(질병통제예방센터)가 250명 이상 참석하는 행사를 가급적 열지 말 것을 권고한 상태다. 이를 감안하면 개막 기조연설부터 온라인으로 이뤄질 가능성이 높다. 이후 제한된 인원만 입장시키는 방식으로 오프라인 행사를 병행할 전망이다.오는 9월 3~5일(현지시간) 독일 베를린에서 열리는 IFA 2020도 하루 관람객을 1000명으로 제한해 진행된다. IFA 주최 측인 메세베를린은 행사를 일반에 공개하지 않고 온라인을 통해 주요 기업의 신제품을 공개할 예정이다.삼성전자와 LG전자는 CES와 IFA 참가 여부를 놓고 뚜렷한 지침을 정하지 못한 상태다. 미국의 경우 코로나19 환자가 200만명을 넘어선 만큼 현지에서 대규모 전시 등을 강행할 가능성은 희박하다. 페이스북은 내년 6월까지 모든 대규모 행사의 참가를 취소했다. 애플과 구글, MS(마이크로소프트), IBM은 올해 이벤트 대부분을 내년으로 미뤘다.한 업계 관계자는 ""삼성전자와 LG전자가 참가 규모를 축소하면 다른 기업 역시 이를 따를 가능성이 높다""며 ""규모를 최소화하고 온라인으로 진행하는 방안을 검토하고 있을 것""이라고 말했다.이정혁 기자 utopia@mt.co.kr"
3,005930, 2020.06.19 11:50,아시아경제,"삼성, 코로나 피해 급증하는 인도에 릴레이 기부",https://finance.naver.com/item/news_read.nhn?article_id=0004701993&office_id=277&code=005930&page=1&sm=," [아시아경제 이창환 기자] 삼성이 신종 코로나바이러스감염증(코로나19) 피해가 급증하고 있는 인도에 지원금과 의료물품을 기부를 이어가고 있다. 19일 관련 업계에 따르면 삼성 인도 법인은 지난 17일 인도 우타르 프라데시주 재난관리청(UPSDMA)에 코로나19 방역 기금으로 2000만루피(약 3억1700만원)를 기부했다.지원금과 함께 삼성은 코로나19 예방을 위해 1만개의 마스크와 6000개의 개인 보호구(PPE) 키트를 지역 병원에 전달했다. PPE키트는 의료진이 사용할 가운과 마스크, 장갑, 눈 보호구, 후드 캡, 신발 커버 등이 포함됐다. 또한 의료시설의 대기질 개선을 위해 300여대의 공기청정기와 적외선 온도계 등도 공급했다.삼성은 앞서 지난 4월에도 인도 정부에 코로나19 재난 지원기금으로 2억루피(약 32억원)를 책정하고 다양한 의료장비를 지원한 바 있다. 삼성이 추가로 지원에 나선 것은 인도의 코로나19 상황이 갈수록 악화되고 있기 때문으로 풀이된다.인도 정부에 따르면 지난 17일 기준 인도의 코로나19 누적 사망자는 1만1903명으로 최근 일일 최소 수백 명에서 많게는 2000여명까지 사망자가 늘고 있다. 확진자도 하루에 1만명 이상 증가하는 등 최고치를 경신하는 중이다. 코로나19 확산을 막기 위해 인도 정부가 두 달 넘게 발동한 봉쇄 조치를 최근에 풀면서 확진자와 사망자가 크게 늘고 있다는 지적이다.인도가 삼성전자의 핵심 생산기지이자 소비시장이라는 점도 삼성이 대규모 기부를 이어가고 있는 배경이다. 삼성전자는 인도 우타르 프라데시주 노이다에 대형 휴대전화 제조 공장을 2018년 건립해 운영 중이다. 삼성전자 휴대전화 단일 공장 중 세계 최대 규모다. 현재 삼성은 우타르 프라데시주에 최대 7억575만달러(8576억원)를 추가로 투자해 디스플레이 공장을 건설하려는 계획을 추진 중인 것으로 알려졌다.이창환 기자 goldfish@asiae.co.kr"
4,005930, 2020.06.19 11:12,헤럴드경제,"韓·日 TV가격 10년만에 첫 역전…삼성·LG, 日에 1위 뺏겼다",https://finance.naver.com/item/news_read.nhn?article_id=0001688611&office_id=016&code=005930&page=1&sm=,"평균 가격 작년 4분기 첫 역전올 1분기도 日비해 10달러 낮아韓 2년새 183달러 ↓ 日은 35달러 ↓2500달러이상 시장도 日 약진한국 프리미엄 위상 타격 우려한국과 일본의 평균 TV가격이 10년 만에 처음으로 역전됐다. 삼성전자와 LG전자 등 국내 업체들이 출하한 TV 평균가격은 작년 4분기 소니 등 일본 업체에 1위 자리를 내준 데 이어 올 1분기에도 일본에 밀린 것으로 나타났다. 한국 업체가 2006년 세계 TV시장 패권을 잡은 이후 ‘기술의 일본’을 누르고 프리미엄 이미지를 구가했지만 최근 중국의 ‘저가’와 일본의 ‘고가’ 사이에서 또다시 샌드위치 신세가 되고 있다는 지적이 나온다.19일 시장조사기관 옴디아에 따르면, 올 1분기 삼성과 LG의 TV 평균가격은 626.9달러로 일본 업체(636.9달러)보다 10달러 낮았다. 이는 작년 4분기 처음으로 일본에 1위 자리를 내준 데 이어 2분기에도 같은 추세가 이어지고 있다. 작년 4분기에는 일본이 708.2달러, 한국은 682.6달러로 25달러 이상 격차를 보이며 10년래 처음으로 순위가 뒤집혔다.업계에서는 삼성전자와 LG전자가 세계 TV 시장에서 1, 2위로 독주체제를 굳히고 있지만, 그간 힘들게 쌓아온 프리미엄 위상 흔들릴 수 있다는 우려가 제기된다.한국 TV제조사들의 평균 출하가격이 일본을 밑돈 것은 최소 10년 만이다. 자료 검색이 가능한 지난 10년간 수치를 살펴보면, 국내 TV 제조사들의 평균 가격은 2011년 1분기 499달러로 일본(482달러)보다 앞섰다.2018년 1분기에는 글로벌 제조사 가운데 처음으로 국내 제조사 평균가격이 800달러(809.8달러)를 돌파하기도 했다. 그러나 이후 내리막길을 걸으며 올 1분기에는 600달러대로 주저앉았다. 2년 새 183달러 떨어진 것으로, 같은 기간 일본이 35달러 하락한 것과 5배 이상 격차를 보였다.업체별로는 삼성전자의 가격하락폭이 전년 대비 15.4%로 톱3 TV업체 중 가장 컸다. LG전자 역시 2.7% 하락했다. 반면 일본의 소니와 파나소닉은 각각 1.7%, 16.5% 인상해 대조를 보였다.한·일 TV업체 간 가격전략 차이는 글로벌 패널시장 변화와 각기 다른 주력시장·제품 대응 등이 복합적으로 맞물려 있다. 우선 중국의 파상공세로 액정표시장치(LCD) 패널가격이 급락한 것이 국내 업체들의 가격인하 여력을 키운 것으로 분석된다. 여기에 일본 업체의 경우 유기발광다이오드(OLED) 판매 비중이 높은 자국 시장이 주력인 것도 영향을 줬다.김록호 하나금융투자 수석연구위원은 “일본 업체들은 전체 출하량 자체가 한국 업체보다 많이 적은 상태에서 자국 중심으로 대응 중”이라며 “일본은 OLED 선호도가 높고, 여전히 OLED 패널 판가가 높다보니 TV 평균판매단가 축소폭도 국내업체보다 작을 수밖에 없다”고 설명했다.평균가격 외에 2500달러(약 303만원) 이상 프리미엄 시장에서의 한국 업체가 약세를 보이는 것도 우려되는 대목이다.올 1분기 한국 TV제조사의 프리미엄 시장 점유율(매출액 기준)은 67.9%로 작년 1분기(73.9%)보다 6%포인트 줄었다. 반면, 일본 업체는 같은 기간 22.6%에서 29.8%로 7.2%포인트 상승했다. 한국 하락분 이상을 일본이 가져간 셈이다.TV업계 관계자는 “프리미엄 시장은 전체 TV시장 판매 대비 2~3% 수준이지만 프리미엄 브랜드 파워는 전체 라인업에 하방효과가 크다”며 “한·중·일 구도에서 보면 프리미엄 시장에서 한국의 하락세가 급격하다”고 지적했다. 그러면서 “LCD 패널가격 하락으로 중국업체와 가격경쟁이 더욱 심화할 것으로 예상되는 만큼 한국 업체들은 차세대 디스플레이를 통한 기술력으로 빠르게 차별화해야 할 시점”이라고 강조했다. 천예선 기자"
5,005930, 2020.06.19 10:26,헤럴드경제,"韓·日, TV가격 10년래 첫 역전…삼성·LG,日에 1위 뺏겼다",https://finance.naver.com/item/news_read.nhn?article_id=0001688552&office_id=016&code=005930&page=1&sm=,"평균 출하가격 작년 4분기 첫 역전이어 올 1분기도 밀려韓 2년새 183달러 인하…日은 35달러 ‘대조’2500달러이상 프리미엄 시장서도 日 약진프리미엄 이미지 약화 우려…기술력 승부해야소니 브라비아 OLED TV [소니 제공][헤럴드경제 천예선 기자] 한국과 일본의 평균 TV가격이 10년 만에 처음으로 역전됐다. 삼성전자와 LG전자 등 국내 업체들이 출하한 TV 평균가격은 작년 4분기 소니 등 일본 업체에 1위 자리를 내준데 이어 올 1분기에도 일본에 밀린 것으로 나타났다. 한국 업체가 2006년 세계 TV 시장 패권을 잡은 이후 ‘기술의 일본’을 누르고 프리미엄 이미지를 구가했지만 최근 중국의 ‘저가’와 일본의 ‘고가’ 사이에서 또 다시 샌드위치 신세가 되고 있다는 지적이 나온다.19일 시장조사기관 옴디아에 따르면, 올 1분기 삼성과 LG의 TV 평균가격은 626.9달러로 일본 업체(636.9달러)보다 10달러 낮았다. 이는 작년 4분기 처음으로 일본에 1위 자리를 내준 데 이어 2분기에도 같은 추세가 이어지고 있다. 작년 4분기에는 일본이 708.2달러, 한국은 682.6달러로 25달러 이상 격차를 보이며 10년래 처음으로 순위가 뒤집혔다.업계에서는 삼성전자와 LG전자가 세계 TV 시장에서 1, 2위로 독주체제를 굳히고 있지만, 그간 힘들게 쌓아온 프리미엄 위상 흔들릴 수 있다는 우려가 제기된다.한국 TV제조사들의 평균 출하가격이 일본을 밑돈 것은 최소 10년 만이다. 자료 검색이 가능한 지난 10년간 수치를 살펴보면, 국내 TV 제조사들의 평균 가격은 2011년 1분기 499달러로 일본(482달러)보다 앞섰다.2018년 1분기에는 글로벌 제조사 가운데 처음으로 국내 제조사 평균가격이 800달러(809.8달러)를 돌파하기도 했다. 그러나 이후 내리막길을 걸으며 올 1분기에는 600달러대로 주저앉았다. 2년새 183달러 떨어진 것으로, 같은 기간 일본이 35달러 하락한 것과 5배 이상 격차를 보였다.삼성전자 OLED TV [삼성전자 제공]업체별로는 삼성전자의 가격하락폭이 전년대비 15.4%로 톱3 TV업체 중 가장 컸다. LG전자 역시 2.7% 하락했다. 반면 일본의 소니와 파나소닉은 각각 1.7%, 16.5% 인상해 대조를 보였다.한·일 TV업체간 가격전략 차이는 글로벌 패널시장 변화와 각기 다른 주력시장·제품 대응 등이 복합적으로 맞물려 있다. 우선 중국의 파상공세로 액정표시장치(LCD) 패널가격이 급락한 것이 국내 업체들의 가격인하 여력을 키운 것으로 분석된다. 여기에 일본 업체의 경우 유기발광다이오드(OLED) 판매 비중이 높은 자국 시장이 주력인 것도 영향을 줬다.김록호 하나금융투자 연구원은 “일본 업체들은 전체 출하량 자체가 한국 업체보다 많이 적은 상태에서 자국 중심으로 대응 중”이라며 “일본은 OLED 선호도가 높고, 여전히 OLED 패널 판가가 높다보니 TV 평균판매단가 축소폭도 국내업체보다 작을 수 밖에 없다”고 설명했다.LG전자 시그니처 OLED TV [LG전자 제공]평균가격 외에 2500달러(약 303만원) 이상 프리미엄 시장에서 한국 업체가 약세를 보이는 것도 우려되는 대목이다.올 1분기 한국 TV제조사의 프리미엄 시장 점유율(매출액 기준)은 67.9%로 작년 1분기(73.9%)보다 6%포인트 줄었다. 반면, 일본 업체는 같은 기간 22.6%에서 29.8%로 7.2%포인트 상승했다. 한국 하락분 이상을 일본이 가져간 셈이다.TV업계 관계자는 “프리미엄 시장은 전체 TV시장 판매 대비 2~3% 수준이지만 프리미엄 브랜드 파워는 전체 라인업에 하방효과가 크다”며 “한·중·일 구도에서 보면 프리미엄 시장에서 한국의 하락세가 급격하다”고 지적했다. 그러면서 “LCD 패널가격 하락으로 중국업체와 가격경쟁이 더욱 심화될 것으로 예상되는 만큼 한국 업체들은 차세대 디스플레이를 통한 기술력으로 빠르게 차별화해야 할 시점”이라고 강조했다."
6,005930, 2020.06.19 10:27,매일경제,"삼성, 캐나다 이통사에 5G 장비 공급…""4번째 신규 수주""",https://finance.naver.com/item/news_read.nhn?article_id=0004598563&office_id=009&code=005930&page=1&sm=,"[사진출처 = 연합뉴스] 삼성전자는 캐나다 메이저 이동통신 사업자 텔러스(TELUS)의 5G 통신장비 공급사로 선정됐다고 19일 밝혔다.지난 해 12월 캐나다, 2월 미국, 3월 뉴질랜드 등 주요 통신사와의 5G 공급 계약에 이은 4번째 신규 수주다.텔러스는 가입자 약 960만명, 점유율 28%를 확보한 캐나다 3대 이통사로, 이번 사업으로 삼성전자는 해외 5G 시장 확대에 속도가 붙을 것으로 기대했다.또 캐나다 통신장비 시장에서 메이저 공급업체로서 입지를 다질 수 있게 됐다고 덧붙였다특히 삼성전자는 지난 12월 처음으로 캐나다 시장 진출 이후 전국망 이동통신 사업자인 텔러스에도 5G 통신장비를 공급하면서 캐나다 통신장비 시장에서 메이저 통신벤더로서의 입지를 공고히 할 수 있게 됐다.특히 텔러스는 기존에 중국 화웨이 장비를 100% 사용하고 있었으나, 이번에 다른 캐나다 사업자와 마찬가지로 5G 사업에서 화웨이를 배제하기로 했다.이에 따라 삼성전자와 더불어 에릭슨, 노키아를 장비 공급사로 선정했다. 구체적인 장비 종류와 수량은 아직 확정되지 않았으나, 업계에서는 네트워크 장비 시장에서 공급사를 완전히 교체하는 것은 매우 이례적인 사례로 받아들였다.다렌 엔트위슬 텔러스 CEO는 ""통신기술 분야의 오랜 경험과 커넥티비티 분야의 전문성, 첨단 기술 등을 고려해 삼성전자를 공급사로 선정하게 됐다""며 ""이번 5G 생태계 확장은 세계 최고 수준의 5G 통신 경험을 제공하기 위한 텔러스의 조직적인 역량과 끈기, 선도적인 기상을 증명할 것""이라고 말했다.전경훈 삼성전자 네트워크사업부장(사장)은 ""여러 5G 선도국에서 축적해 온 상용화 경험과 독보적인 5G 네트워크 솔루션을 바탕으로 텔러스가 캐나다에서 새로운 5G 시대의 새 지평을 열어가는데 적극 협력할 것""이라고 말했다.텔러스는 1990년 설립(민영화) 이후 인터넷 및 이동통신 서비스를 제공해왔으며, 2000년부터 전국의 유무선 통신망, 주파수 확보 및 망 운영에 약 2000억 캐나다 달러를 투자해 캐나다 전역에 초고속 통신서비스를 제공하고 있다. 또 초연결 시대의 디지털 혁신을 여러 산업분야에 확산시키기 위해 5G분야에 3년간 400억 캐나다 달러를 추가로 투자할 계획이다.[김승한 기자 winone@mkinternet.com]"
7,005930, 2020.06.19 08:54,이데일리,"삼성, 캐나다 이통사 ‘텔러스’에 5G 통신장비 공급",https://finance.naver.com/item/news_read.nhn?article_id=0004668080&office_id=018&code=005930&page=1&sm=,"지난해 12월 이어 두번째 캐나다 5G 신규 수주[이데일리 장영은 기자] 삼성전자(005930)는 캐나다 메이저 이동통신 사업자 ‘텔러스(TELUS)’의 5G 통신장비 공급사로 선정됐다고 19일 밝혔다.  지난해 12월 캐나다, 2월 미국, 3월 뉴질랜드 등 주요 통신사와의 5G 공급 계약에 이은 네번째 신규 수주다. 특히 이번 수주는 삼성전자가 캐나다 통신장비 시장에서 메이저 통신벤더로서의 입지를 공고히 할 수 있는 계기가 됐다는 것이 회사측 설명이다. 지난해 12월 처음으로 캐나다 시장 진출 이후 전국망 이동통신 사업자인 텔러스에도 5G 통신장비를 공급했기 때문이다. 텔러스는 1990년 설립(민영화) 이후 인터넷 및 이동통신 서비스를 제공해왔으며, 2000년부터 전국의 유무선 통신망, 주파수 확보 및 망 운영에 약 2000억 캐나다 달러를 투자해 캐나다 전역에 초고속 통신서비스를 제공하고 있다. 또 초연결 시대의 디지털 혁신을 여러 산업분야에 확산시키기 위해 5G분야에 3년간 400억 캐나다 달러를 추가로 투자할 계획이다.다렌 엔트위슬 텔러스 대표이사(CEO)는 “통신기술 분야의 오랜 경험과 커넥티비티 분야의 전문성, 첨단 기술 등을 고려해 삼성전자를 공급사로 선정하게 됐다”며 “이번 5G 생태계 확장은 세계 최고 수준의 5G 통신 경험을 제공하기 위한 텔러스의 조직적인 역량과 끈기, 선도적인 기상을 증명할 것”이라고 말했다.전경훈 삼성전자 네트워크사업부장(사장)은 “여러 5G 선도국에서 축적해 온 상용화 경험과 독보적인 5G 네트워크 솔루션을 바탕으로 텔러스가 캐나다에서 새로운 5G 시대의 새 지평을 열어가는데 적극 협력할 것”이라고 강조했다.한편, 삼한국전자통신연구원과 시장조사기관 IBIS 등에 따르면 올해 전세계 5G 시장 규모는 378억달러(약 46조원)로 전망된다. 삼성은 글로벌 5G시장에서 시장점유율 20% 달성을 목표로 하고 있다.장영은 (bluerain@edaily.co.kr)네이버에서 ‘이데일리’ 구독하기"
8,005930, 2020.06.19 08:42,서울경제,화웨이 버린 캐나다...삼성 5G 장비 택했다,https://finance.naver.com/item/news_read.nhn?article_id=0003755861&office_id=011&code=005930&page=1&sm=,"삼성 캐나다 통신사 ‘텔러스’에 5G 장비 공급지난해 12월 캐나다 진출 이후 새로운 성과화웨이 배제하고 삼성 택해[서울경제] 삼성전자(005930)가 캐나다 대형 이동통신사 ‘텔러스’에 5G 통신 장비를 공급한다. 지난해 12월 ‘비디오트론’에 이어 캐나다에서 연이어 5G 장비를 수주하는 성과를 거둔 것이다.삼성전자는 지난해 12월 캐나다, 올해 2월 미국, 3월 뉴질랜드 통신사와의 5G 공급 계약에 이어 캐나다 텔러스에 신규 수주를 했다고 19일 밝혔다. 텔러스는 캐나다 전역에 초고속 통신서비스를 제공하는 통신 사업자로 5G 분야에 3년간 400억 캐나다 달러(약 35조 7,000억원)를 추가로 투자할 계획이다. 삼성전자는 지난해 12월 비디오트론과 계약을 맺으며 처음 캐나다 시장에 진출한 이후 또 다시 5G 장비를 공급하게 되면서 캐나다 통신장비 시장에서 입지를 다질 수 있게 됐다. 텔러스는 기존에 화웨이 장비를 사용하고 있었지만 5G 구축엔 화웨이를 배제하고 새롭게 삼성전자의 손을 잡은 사례다. 네트워크 장비 시장에서 장비 공급 업체를 아예 교체하는 것은 이례적인 일이다. 텔러스는 삼성전자 이외에도 에릭슨, 노키아도 5G 장비 공급 업체로 선정했다. 다렌 엔트위슬 텔러스 CEO는 “통신기술 분야의 오랜 경험과 커넥티비티 분야의 전문성, 첨단 기술 등을 고려해 삼성전자를 공급사로 선정하게됐다”고 밝혔다. 특히 캐나다 3대 통신사인 로저스 커뮤니케이션과 벨캐나다, 텔러스가 모두 5G 구축에 ‘화웨이 보이콧’을 했다. 3대 통신사의 가입자 합계가 캐나다 전체 인구의 약 82%에 달해 사실상 캐나다에서 화웨이 5G 장비를 사용하지 않게 된 셈이다.다만 미국의 제재가 일부 완화되고 유럽 통신사들이 속속 화웨이 5G 장비 도입에 속도를 높이고 있어 앞으로 5G 시장을 두고 삼성전자와 화웨이간 치열한 경쟁이 이어질 것으로 전망된다. 시장조사기관 IHS마킷에 따르면 지난해 5G 장비 시장에서 화웨이는 26.2%로 1위를 차지했다. 뒤를 이어 에릭슨(23.4%)과 삼성전자(23.3%) 순이다. 전경훈 삼성전자 네트워크사업부장(사장)은 “여러 5G 선도국에서 축적해 온 상용화 경험과 독보적인 5G 네트워크 솔루션을 바탕으로 텔러스가 캐나다에서 새로운 5G 시대의 지평을 열어가는데 적극 협력할 것”이라고 강조했다./권경원기자 nahere@sedaily.com[서울경제 바로가기]"
9,005930, 2020.06.19 09:55,서울경제,"삼성 그랑데AI 건조기, LG트롬스타일러...가격비교 에누리 상반기 '...",https://finance.naver.com/item/news_read.nhn?article_id=0003755929&office_id=011&code=005930&page=1&sm=,"불스원, EFM네트웍스, 엄지텍 등 강소기업 브랜드도 대거 포함[서울경제] 가격비교 사이트 ‘에누리 가격비교’는 삼성전자 그랑데 AI 건조기 등 올해 상반기 히트 브랜드 28개를 선정했다고 19일 밝혔다.코리아센터 자회사 써머스플랫폼이 운영하는 에누리 가격비교는 지난 2016년부터 매년 상·하반기 히트 브랜드를 선정한다. 매출액, 판매수량, 고객 만족도, 에누리 전문CM 평가 등을 바탕으로 선정해 발표한다.올해는 디지털, 가전, 컴퓨터, 라이프 총 4개 부문 54개의 카테고리에서 28개 브랜드가 선정됐다.우선 삼성전자 그랑데 AI ‘DV16T8740BV’ 건조기, LG전자의 트롬스타일러 ‘S5MB’ 등의 대기업 제품이 히트브랜드로 선정됐다.아울러 우수한 제품력과 기술력을 보유한 강소기업 브랜드들도 대거 포함됐다. ‘EFM네트웍스’는 공유기와 랜카드 멀티충전기 등 7개 상품을 히트브랜드에 올렸고 불스원 제품은 에어컨필터와 연료첨가제 등 차량관리용품 4개가 선정됐다.엠지텍의 헤드폰과 이어폰, 녹십초생활건강의 건강식품, 로지텍 마우스와 키보드, 파인디지털의 내비게이션과 블랙박스 등도 높은 평가를 받았다. 이외에도 컴퓨터 부문에는 코잇, 제이씨현, 영웅컴퓨터, 에스티컴, 씨게이트, 명성, 마이크로닉스, 다크플래쉬, 제닉스가, 가전 부문에는 로엘, 디지털 부문에는 요이치 등이 각 분야별 히트브랜드로 선정됐다.에누리 가격비교는 히트브랜드 선정을 기념해 오는 7월31일까지 ‘잭팟 이벤트’를 진행한다. 매일 출석으로 응모권 1장, e머니로 하루 최대 5장의 응모권을 교환할 수 있으며 이벤트 페이지 내의 슬롯머신 버튼을 누르면 된다. 결과에 따라 최대 100코인을 획득할 수 있으며 획득한 코인으로 히트브랜드에 선정된 ‘삼성 그랑데AI건조기’, ‘아이패드 프로4세대 11’ 등에 응모할 수 있다. 에누리 가격비교 관계자는 “올해는 브랜드 아이덴티티를 구축한 중소기업들의 우수한 제품이 소비자들에게 큰 사랑을 받았다”며 “정확하고 올바른 가격정보와 쇼핑환경을 제공해 기술력과 가격 경쟁력이 뛰어난 제품들을 알려 나가겠다”고 말했다. /맹준호기자 next@sedaily.com[서울경제 바로가기]"
10,005930, 2020.06.19 09:38,헤럴드경제,"삼성전자, 캐나다 3대 이통사 '텔러스'에 5G 장비공급",https://finance.naver.com/item/news_read.nhn?article_id=0001688483&office_id=016&code=005930&page=1&sm=,"-최근 6개월 새 4건의 신규 수주 달성[헤럴드경제=박지영 기자] 삼성전자가 캐나다의 주요 이동통신사 텔러스에 5세대(G) 통신 장비를 공급한다.삼성전자는 캐나다의 3대 이동통신사 중 한 곳인 텔러스의 5G 장비 공급사로 선정됐다고 19일 밝혔다.이로써 삼성전자는 지난해 12월 비디오트론과의 계약으로 캐나다 통신 장비 시장에 진출한 후 두 번째 신규 수주를 기록했다.이를 포함 올해 들어 미국의 US셀룰러, 뉴질랜드의 스파크 등 글로벌 주요 통신사와의 계약에 이어 6개월 새 4건의 신규 수주 성과도 달성했다.텔러스는 1990년 설립된 캐나다의 인터넷 및 이동통신 사업자다. 로저스(Rogers), 벨(Bell)과 함께 캐나다의 3대 이동통신사 중 하나로 가입자 수는 약 960만명(점유율 28%)이다. 텔러스는 5G분야에 3년간 400억 캐나다 달러를 추가 투자할 계획이다.다렌 엔트위슬 텔러스 CEO(최고경영자)는 “통신기술 분야의 오랜 경험과 커넥티비티 분야의 전문성, 첨단 기술 등을 고려해 삼성전자를 공급사로 선정하게 됐다”고 말했다.전경훈 삼성전자 네트워크사업부장은 “5G 선도국에서 축적해 온 상용화 경험과 독보적인 네트워크 솔루션을 바탕으로 텔러스가 캐나다에서 5G 시대의 새 지평을 열어가는데 적극 협력할 것”이라고 말했다.park.jiyeong@heraldcorp.com"
11,005930, 2020.06.19 08:35,아시아경제,삼성전자 5G 광폭 행보…캐나다 텔러스에 5G 장비 공급,https://finance.naver.com/item/news_read.nhn?article_id=0004701719&office_id=277&code=005930&page=1&sm=,"5G 통신장비 4번째 신규 수주화웨이 장비 쓰던 텔러스, 장비 전면 교체[아시아경제 한진주 기자] 삼성전자가 캐나다 이동통신사 텔러스(TELUS)에 5G 통신장비를 공급한다. 캐나다에서는 두번째, 글로벌 시장에서는 4번째 5G 장비 신규 수주다.19일 삼성전자 캐나다 3대 이동 통신사 중 한 곳인 텔러스와 5G 통신장비 공급 계약을 체결했다고 밝혔다. 지난해 12월 캐나다 비디오트론, 올해 2월 미국 US셀룰러, 3월 뉴질랜드 스파크에 이어 4번째 5G 통신장비 수주 계약을 따냈다. 화웨이 장비만 사용해왔던 텔러스는 5G를 구축하면서 삼성전자를 포함한 3개 사업자의 네트워크 장비로 전면 교체하기로 결정했다.삼성전자는 지난 12월 처음으로 캐나다 시장 진출한 이후 전국망 이동통신 사업자인 텔러스에도 5G 통신장비를 공급하게 됐다. 텔러스는 이번에 5G 장비를 구축하기 위해 에릭슨, 노키아와 함께 삼성전자를 장비 공급사로 선정했다. 삼성전자는 10년 이상 5G 기술을 개발해왔고 인도, 미국 등 대형 통신망 구축 경험을 토대로 글로벌 5G 장비 시장에서도 두각을 나타내고 있다.캐나다 3대 이동 통신사는 30% 안팎의 가입자를 고르게 확보하고 있으며 텔러스의 가입자 수는 약 960만명이다. 텔러스는 1990년 설립(민영화) 이후 인터넷 및 이동통신 서비스를 제공해왔고 5G분야에 3년간 400억 캐나다 달러를 추가로 투자할 계획이다.다렌 엔트위슬 텔러스 최고경영자는 ""통신기술 분야의 오랜 경험과 커넥티비티 분야의 전문성, 첨단 기술 등을 고려해 삼성전자를 공급사로 선정하게 됐다""며 ""이번 5G 생태계 확장은 세계 최고 수준의 5G 통신 경험을 제공하기 위한 텔러스의 조직적인 역량과 끈기, 선도적인 기상을 증명할 것""이라고 말했다.전경훈 삼성전자 네트워크사업부장(사장)은 ""여러 5G 선도국에서 축적해 온 상용화 경험과 독보적인 5G 네트워크 솔루션을 바탕으로 텔러스가 캐나다에서 새로운 5G 시대의 새 지평을 열어가는데 적극 협력할 것""이라고 말했다.한진주 기자 truepearl@asiae.co.kr"
12,005930, 2020.06.19 08:28,머니투데이,"삼성, 캐나다 '텔러스'에 5G 통신장비 공급",https://finance.naver.com/item/news_read.nhn?article_id=0004427412&office_id=008&code=005930&page=1&sm=," [머니투데이 박효주 기자] 삼성전자가 캐나다 주요 이동통신 사업자 텔러스’(TELUS) 5G(세대) 이동통신 장비 공급사로 선정됐다고 19일 밝혔다.이번 5G 장비 공급은 지난해 12월 캐나다 비디오트론, 올 2월 미국 US 셀룰러, 3월 뉴질랜드 스파크에 이은 이은 네번째 신규 수주다. 특히 이번 수주를 통해 삼성전자는 캐나다에서 주요 통신장비 공급사로서 입지를 다질 수 있게 됐다.텔러스는 기존에 화웨이 장비를 100% 사용하고 있었으나, 다른 캐나다 사업자와 마찬가지로 5G 사업에 화웨이를 배제하고 있다. 대안으로 삼성전자와 에릭슨, 노키아를 장비 벤더로 선정했다. 네트워크 장비 시장에서 공급사를 아예 교체하는 것은 매우 이례적인 일로 꼽힌다.이번 삼성과 계약으로 텔러스는 5G 장비를 3개 회사에서 공급받을 예정이나, 아직 구체적으로 어떤 장비를 얼마나 공급할지는 확정되지 않았다.텔러스 다렌 엔트위슬 CEO는 ""통신기술 분야의 오랜 경험과 커넥티비티 분야의 전문성, 첨단 기술 등을 고려해 삼성전자를 공급사로 선정하게 됐다""며 ""이번 5G 생태계 확장은 세계 최고 수준의 5G 통신 경험을 제공하기 위한 텔러스의 조직적인 역량과 끈기, 선도적인 기상을 증명할 것""이라고 말했다. 전경훈 삼성전자 네트워크사업부장 사장은 ""여러 5G 선도국에서 축적해 온 상용화 경험과 독보적인 5G 네트워크 솔루션을 바탕으로 텔러스가 캐나다에서 새로운 5G 시대의 새 지평을 열어가는데 적극 협력할 것""이라고 말했다. 텔러스는 1990년 설립(민영화) 이후 인터넷과 이동통신 서비스를 제공해왔으며, 2000년부터 전국 유무선 통신망, 주파수 확보 및 망 운영에 약 2000억 캐나다 달러를 투자해오고 있다. 디지털 혁신을 여러 산업분야에 확산시키기 위해 5G에 3년간 400억 캐나다 달러를 추가로 투자할 계획이다.박효주 기자 app@"
13,005930, 2020.06.19 09:23,파이낸셜뉴스,3나노 양산은 누가 먼저...삼성-TSMC '미세공정' 경쟁 불붙는다,https://finance.naver.com/item/news_read.nhn?article_id=0004446209&office_id=014&code=005930&page=1&sm=,"  [파이낸셜뉴스] 삼성전자와 대만 TSMC 간 반도체 초미세 공정 경쟁이 불붙고 있다. 세계 1위 반도체 위탁생산(파운드리) 업체 TSMC가 최근 5나노(10억분의 1m) 제품 양산에 이어 3나노 공정 설비 설치를 시작하면서다. 후발 주자인 삼성전자보다 반발 앞선 조치다. 삼성전자도 하반기 5나노 제품 양산에 돌입하는 등 추격에 고삐를 죄고 있다.   19일 반도체 업계와 외신 등에 따르면, TSMC가 이달 3나노 공정 설비를 설치를 진행하고 있는 것으로 파악됐다. 올 상반기 5나노 제품 양산에 성공한 동시에 3나노 생산을 위해 첫발을 뗀 것이다. 3나노보다 한단계 아래인 5나노를 양산할 수 있는 업체도 전 세계에서 TSMC가 유일하다. 삼성전자는 하반기 5나노 양산에 들어간다. TSMC와 삼성전자는 2022년 하반기부터 본격적으로 3나노 양산에 돌입할 계획을 대외적으로 밝혀왔지만, TSMC가 설비를 먼저 들여오면서 삼성을 따돌린 것이다.   미세 공정은 반도체 업계 기술력의 척도다. 나노 단위의 광원을 통해 반도체 회로를 세밀하게 그려내는 것인데, 굵기가 얇을수록 성능과 전력효율이 뛰어나기 때문이다. 안기현 한국반도체산업협회 상무는 ""미세 공정에 성공할 수록, 반도체 칩 사이즈도 작아지고 제품 속도도 빨라진다""면서 ""제조 업체 입장에서도 원가가 크게 줄어든다""고 했다.   특히 3나노 반도체는 인공지능(AI), 5세대, 자율주행차, 클라우딩 컴퓨터 등 향후 고부가 가치 제품에 중점적으로 사용될 것으로 예상된다. 미래 시장 선점을 누가 하느냐가 관건이 된 것이다. 실제 미국 애플, 구글, 중국 화웨이 등 주요 IT 기업들은 TSMC와 삼성전자의 3나노 기술 개발 동향에 관심을 보이고 있는 것으로 알려졌다.   때문에 삼성전자도 기술 추격에 속도를 내고 있다. 삼성은 지난해 4월 업계 최초로 극자외선(EUV)을 활용한 7나노 공정 기반의 반도체를 생산하는 등 유일하게 TSMC와 기술력 우위 경쟁을 벌이고 있다. 올 하반기부터 5나노급 양산을 시작하는 데 이어 2022년 TSMC보다 앞서 3나노 양산에 나설 계획이다. 지난달엔 경기 평택 공장에 파운드리 라인을 증설하기 위해 내년까지 약 10조원을 투자키로 결정하면서 TSMC와 비교해 약점으로 꼽혀왔던 생산 능력도 크게 늘린다.   한편, 올 2·4분기 삼성전자와 TSMC 간 전 세계 파운드리 시장 점유율 차이가 좁혀진 것으로 파악됐다. 시장조사기관 트렌드포스에 따르면, 삼성전자의 2·4분기 파운드리 시장 점유율은 18.8%로 전 분기 대비 2.9%포인트(P) 상승했다. 반면 TSMC의 점유율은 전 분기 대비 2.6%P 하락한 51.5%였다. 삼성전자의 경우 5G 스마트폰 시장 확대를 바탕으로 퀄컴 등 주요 애플리케이션프로세서(AP) 설계 업체들의 주문이 늘어난 데 따른 영향이란 분석이다.    integrity@fnnews.com 김규태 기자   "
14,005930, 2020.06.19 08:00,이데일리,"KB금융, 칼라일 제휴…IB 역량 강화 기대-삼성",https://finance.naver.com/item/news_read.nhn?article_id=0004668034&office_id=018&code=005930&page=1&sm=," [이데일리 유현욱 기자] 삼성증권은 19일 KB금융(105560)이 세계 3대 사모펀드 운용사인 칼라일을 대상으로 2400억원 규모 교환사채를 발행하고 칼라일과 전략적 제휴 체결한 데 대해 투자은행(IB) 역량 강화 등이 기대된다고 평가했다. 은행 업종 내 ‘최선호주’(Top pick), 투자의견 ‘매수’(BUY), 목표주가 4만2000원을 각각 유지했다. 지난 18일 종가는 3만5250원으로 상승 여력은 19.1%나 된다. 시가총액은 14조7000억원이다.KB금융은 18일 이사회 승인을 거쳐 칼라일과 투자협약을 체결했다고 밝혔다. 칼라일은 KB금융이 자사주를 활용해 발행하는 교환사채를 2400억원에 인수하는 방식이다. 교환사채는 일정 기간 후 자사주 및 다른 회사의 유가 증권으로 교환할 수 있는 채권이다. 칼라일은 이를 통해 KB금융 주식 500만주(1.2%)를 확보할 수 있게 됐다. KB금융의 3대 주주가 되는 셈이다.교환가액은 4만8000원으로 오는 8월 29일부터 KB금융 주식으로 바꿀 수 있다. 채권평가사의 주가 전망과 교환 프리미엄 등을 고려해 교환가액을 최근 평균주가인 3만5000원의 137.1%로 결정했다는 게 KB금융 측의 설명이다. 투자금 2400억원 가운데 2100억원은 푸르덴셜생명보험 인수자금으로 활용될 예정이다.KB금융은 또 칼라일의 ‘칼라일 아시아 파트너스V’와 전략적 제휴를 위한 양해각서(MOU)도 체결했다. 칼라일 아시아 파트너스는 칼라일이 가장 최근에 아시아에 결성한 역내 바이아웃 펀드다. 2018년 기준 65억8000만달러 규모로 조성됐다. KB금융 측은 칼라일의 국내외 투자와 관련해 KB금융의 구조화 금융과 자금조달 지원 등 다양한 영역에서 시너지를 창출할 수 있을 것으로 기대했다.이와 관련 김재우 삼성증권 연구원은 “일각에서는 칼라일이 작년 11월 재보험업 투자를 기점으로 국내 보험사들과 공동 재보험 관련 협업을 논의 중인 점을 들어, KB금융 산하 보험사들과 협업 가능성도 제기된다”고 전했다. 이어 “KB금융으로서는 ‘제로(O)’ 금리에 푸르덴셜생명 인수 자금 일부를 조달하고 자사주를 활용한 전략적 제휴를 통해 IB부문의 역량 강화가 가능하다는 관점에서 긍정적”이라고 평가했다. 이뿐만 아니라 “칼라일이 주식 교환권을 행사하더라도 실제 매각 가능 시점은 사채 발행 후 42개월이 지난 시점에 가능한 만큼, 오버행 이슈(주식시장에서 매물로 나올 수 있는 잠재적인 과잉물량)는 당분간 없을 전망”이라고 말했다.유현욱 (fourleaf@edaily.co.kr)네이버에서 ‘이데일리’ 구독하기"
0,005930, 2020.06.18 18:09,조선비즈,"삼성전자·삼성SDI, 고졸 채용…다음달 온라인 필기시험",https://finance.naver.com/item/news_read.nhn?article_id=0000541742&office_id=366&code=005930&page=2&sm=,"삼성전자, 매년 고졸 채용 진행올해 고졸 신입사원 채용에 나선 삼성전자(005930)와 삼성SDI(006400)가 다음달 4일, 온라인으로 필기시험을 진행한다.지난달 26일 삼성그룹 GSAT에 응시한 취업준비생이 받은 키트. /연합뉴스이번 시험은 지원자별로 응시 과목이 일부 달라 총 2시간에 걸쳐 비대면 온라인 필기시험이 진행될 것으로 알려졌다. 삼성은 지난달 30일과 31일에도 사상 처음 대졸 신입사원 채용을 위한 삼성직무적성검사(GSAT)를 온라인으로 시행했다.올해 고졸 공채는 그룹이 아닌 각 사(社)별 채용으로 진행된다. 이번에 채용될 고졸 인력(5급)은 삼성전자의 반도체 사업장과 삼성SDI의 천안·울산 배터리 사업장 등에 투입될 것으로 알려졌다. 삼성은 앞서 상반기 채용 온라인 시험 과정을 분석해 온라인 필기를 제도화할지 결정할 계획이라고 밝혔다.[정민하 기자 min@chosunbiz.com][네이버 메인에서 조선비즈 받아보기][조선비즈 바로가기] chosunbiz.com 조선비즈 관련뉴스해당 언론사에서 선정하며 언론사 페이지(아웃링크)로 이동해 볼 수 있습니다.웅장한 볼륨감… 기아차 야심작 카니발 4세대 베일 벗었다개인=총알받이는 옛말… 점점 똑똑해지는 동학 개미6·17 대책 발표날 천안·아산 투자자들은 ""가즈아"" 외쳤다아마존 지금 사야하나… ""수년에 걸쳐 90% 오른다"" 파격전망""미친 짓""… 美 증권시장 전설이 주식 사지 말라는 이유"
1,005930, 2020.06.18 17:42,머니투데이,삼성전자·SDI 내달 4일 고졸 채용…온라인 필기 실시,https://finance.naver.com/item/news_read.nhn?article_id=0004427264&office_id=008&code=005930&page=2&sm=," [머니투데이 이정혁 기자] [(상보)삼성 전자 계열사 중심 고졸 채용…하반기 업황 따라 확대 가능성도]지난달 치러진 삼성그룹 대졸(3급) 온라인 GSAT(삼성직무적성검사) 감독 모습/사진제공=삼성전자삼성그룹이 올 상반기 고졸 채용(5급)을 실시한다. 코로나19(COVID-19) 사태 이후 주요 기업의 첫 고졸 공채다. 지난달 청년 고용률이 사상 최악의 수준을 기록한 가운데 나온 삼성의 고졸 채용은 얼어붙은 취업 시장에 가뭄의 단비 역할을 할 것으로 보인다.18일 재계에 따르면 삼성전자와 삼성SDI는 다음 달 4일 고졸 채용 필기시험을 실기하기로 확정했다.시험 방식은 대졸(3급) 채용과 마찬가지로 온라인으로 치른다. 지원자 전공에 따라 응시 과목이 일부 다르기 때문에 총 2시간에 걸쳐 치러질 예정이다. 삼성전자는 이번에 뽑는 고졸 인력을 경기도 기흥캠퍼스 등 반도체 생산라인에 투입한다. 삼성SDI는 천안·울산사업장에 배치한다.삼성SDI 천안사업장은 이재용 삼성전자 부회장과 정의선 현대차그룹 수석부회장이 지난달 회동을 가진 장소이기도 하다. 업계는 삼성SDI가 자동차용 배터리 생산라인 강화에 따라 고졸 채용에 나선 것으로 본다.삼성 고졸 공채는 고졸 뿐 아니라 초대졸까지 몰릴 정도로 인기가 높다. 계열사마다 다소 차이는 있지만 특근 등 각종 수당을 포함하면 연봉이 3500만원 선을 넘을 가능성이 높다.삼성은 삼성전자와 삼성SDI를 시작으로 삼성전기(MLCC·적층세라믹콘덴서·부산) 등 전자 계열사 중심의 고졸 채용을 확대할 계획이다. 특히 하반기 IT(정보·기술) 업황에 따라 구체적인 채용 규모는 크게 늘어날 수 있다.이달 초 통계청이 발표한 5월 고용동향에 따르면, 20대 취업자는 1년 전보다 13만4000명 감소한 것으로 집계됐다. 고용률은 55.7%로 2.4%포인트 떨어졌는데 이는 1982년 통계 작성 이후 5월 기준 가장 낮은 수준이다.청년층(15~29세) 실업률은 10.2%로 전 연령대에서 가장 높게 나타났다. 이런 상황에서 삼성의 고졸 공채는 다른 주요 기업의 채용 계획에 적잖은 영향을 미칠 전망이다.삼성은 통상적으로 1년에 1만 명(대졸·초대졸·고졸)의 신규인력을 뽑아왔다. 이 중 반도체 사업을 책임지는 DS부문이 4500여 명에 달한다.재계 관계자는 ""삼성은 그룹 차원에서 전자 계열사 고졸 채용 계획을 이미 세운 상태""라며 ""대졸에 비해 상대적으로 일자리를 구하기 어려운 고졸 우수 인력의 사회적 진출 기회가 많아질 것으로 기대한다""고 말했다.이재용 삼성전자 부회장(오른쪽)과 정의선 현대자동차 수석부회장이 1월 2일 오전 서울시 중구 대한상공회의소 국제회의장에서 열린 문재인 대통령과 함께하는 2020 경자년 신년회에 참석해 악수하고 있다/사진제공=뉴시스이정혁 기자 utopia@mt.co.kr"
2,005930, 2020.06.18 16:40,서울경제,삼성전자·SDI 고졸 채용···내달 4일 온라인 시험,https://finance.naver.com/item/news_read.nhn?article_id=0003755671&office_id=011&code=005930&page=2&sm=,코로나에 5월 GSAT처럼 비대면 필기시험지난달 31일 경기도 화성 삼성전자 사업장에서 감독관들이 온라인으로 치러진 삼성직무적성검사(GSAT) 진행 상황을 점검하고 있다./사진제공=삼성전자[서울경제] 삼성전자와 삼성SDI가 올해 고졸 신입사원 채용에 나선다. 18일 업계에 따르면 삼성전자와 삼성SDI는 고졸(5급) 채용 필기시험을 다음달 4일 온라인으로 진행한다. 이번 시험은 지난달 삼성그룹 대졸(3급) 신입사원 채용 때처럼 비대면 온라인 필기시험으로 치러진다. 앞서 삼성은 지난달 30·31일 신종 코로나바이러스 감염증(코로나19) 확산 방지를 위해 사상 처음으로 삼성직무적성검사(GSAT)를 온라인으로 시행한 바 있다. 이번에 채용될 고졸 인력은 삼성전자의 반도체 사업장과 삼성SDI의 천안·울산 배터리 사업장 등에 투입될 것으로 알려졌다. 올해 고졸 공채는 그룹 채용이 아닌 각사별 채용으로 진행된다. 삼성전자는 매년 한 차례 고졸 채용을 진행해왔다./이재용기자 jylee@sedaily.com[서울경제 바로가기]
3,005930, 2020.06.18 16:08,매일경제,"삼성, 내달 4일 고졸채용 필기 온라인 시험",https://finance.naver.com/item/news_read.nhn?article_id=0004598102&office_id=009&code=005930&page=2&sm=,[사진 출처 = 연합뉴스] 삼성전자와 삼성SDI 상반기 고졸 채용 필기시험이 내달 4일 온라인으로 진행된다.18일 업계에 따르면 이번에 채용될 고졸 인력은 삼성전자 반도체 사업장과 삼성SDI의 천안·울산 배터리 사업장 등에 투입된다.올해는 그룹 채용이 아닌 각사별로 진행됐다. 삼성전자는 매년 고졸 채용을 진행해왔다.[김승한 기자 winone@mkinternet.com]
4,005930, 2020.06.18 16:02,이데일리,"삼성전자·SDI, 내달 4일 고졸 채용 비대면 `온라인`시험 실시",https://finance.naver.com/item/news_read.nhn?article_id=0004667550&office_id=018&code=005930&page=2&sm=,"대졸 이어 삼성전자·SDI 온라인 고졸 채용 시험삼성전자 DS부문, 삼성 SDI 배터리 투입 예정[이데일리 배진솔 기자] 삼성이 ‘신종 코로나바이러스 감염증’(코로나19)에도 불구하고 삼성전자(005930)와 삼성SDI(006400)를 필두로 계열사 별로 고졸 채용 필기시험을 진행한다. 얼마 전 업계 최초로 비대면으로 대졸 공채 시험을 진행했던 삼성은 이번 고졸 채용도 같은 방식으로 진행할 방침이다.18일 업계에 따르면 삼성전자와 삼성 SDI는 다음달 4일 고졸 채용(5급)을 실시하기로 확정했다. 이번 시험은 지난달 삼성그룹 대졸(3급)신입사원 채용 때와 마찬가지로 비대면 온라인 필기시험을 시행할 예정이다. 앞서 삼성은 지난달 30일, 31일에 코로나 19 확산 방지를 위해 사상 처음으로 온라인 GSAT을 시행했다.삼성전자는 이번 고졸 신입 채용 인원을 주로 반도체 부문에 투입할 예정이다. 삼성 SDI는 울산과 천안 사업장에 투입할 예정이다. 울산은 자동차 배터리 라인, 천안은 소형 배터리 라인이 있어 삼성이 인력보충을 통해 배터리 경쟁력 강화에 힘쓰고 있다는 평가가 나왔다. 특히 천안사업장은 이재용 삼성전자 부회장과 정의선 현대차그룹 수석부회장이 회동을 갖고 전고체 배터리에 대해 이야기를 나눈 바 있다. 삼성 관계자는 “이번 고졸 채용은 계열사 별로 진행하는 것”이라고 말했다.삼성 올해 상반기 채용 GSAT를 온라인 시험으로 진행했다. (사진=연합뉴스)배진솔 (sincere1@edaily.co.kr)네이버에서 ‘이데일리’ 구독하기"
5,005930, 2020.06.18 10:39,머니투데이,"[단독] 삼성그룹, 코로나 이후 첫 '고졸 채용'…연봉 얼마받나 보니",https://finance.naver.com/item/news_read.nhn?article_id=0004426936&office_id=008&code=005930&page=2&sm=," [머니투데이 이정혁 기자]  지난달 치러진 삼성그룹 대졸(3급) 온라인 GSAT(삼성직무적성검사) 감독 모습/사진제공=삼성전자삼성그룹이 올 상반기 고졸 채용(5급)을 실시한다. 코로나19(COVID-19) 사태 이후 주요 기업의 첫 고졸 사원 모집이다. 지난달 청년 고용률이 사상 최악의 수준을 기록한 가운데 나온 삼성의 고졸 채용은 얼어붙은 취업 시장에 가뭄의 단비 역할을 할 것으로 보인다.18일 재계에 따르면, 삼성SDI는 다음 달 4일 고졸 채용 필기시험을 실기하기로 확정했다.시험 방식은 대졸(3급) 채용과 마찬가지로 온라인으로 치른다. 지원자 전공에 따라 응시 과목이 일부 다르기 때문에 총 2시간에 걸쳐 치러질 예정이다.이번에 뽑는 고졸 인력은 삼성SDI 천안·울산사업장에 투입될 것으로 알려졌다. 이곳은 소형 배터리와 자동차용 배터리를 전문적으로 생산하는 공장이다.특히 천안사업장은 이재용 삼성전자 부회장과 정의선 현대차그룹 수석부회장이 지난달 회동을 가진 장소이기도 하다. 업계는 삼성SDI가 자동차용 배터리 생산라인 강화에 따라 고졸 채용에 나선 것으로 보고 있다.삼성 고졸 공채는 고졸 뿐 아니라 초대졸까지 몰릴 정도로 인기가 높다. 계열사마다 다소 차이는 있지만 특근 등 각종 수당을 포함하면 연봉이 3500만원 선을 넘을 가능성이 높다. 삼성은 삼성SDI를 시작으로 삼성전자(반도체·경기도 기흥 등), 삼성전기(MLCC·적층세라믹콘덴서·부산) 등 전자 계열사 중심의 고졸 채용을 확대한다. 특히 하반기 IT(정보·기술) 업황에 따라 구체적인 채용 규모는 크게 늘어날 수 있다.이달 초 통계청이 발표한 5월 고용동향에 따르면, 20대 취업자는 1년 전보다 13만4000명 감소한 것으로 집계됐다. 고용률은 55.7%로 2.4%포인트 떨어졌는데 이는 1982년 통계 작성 이후 5월 기준 가장 낮은 수준이다.청년층(15~29세) 실업률은 10.2%로 전 연령대에서 가장 높게 나타났다. 이런 상황에서 삼성의 고졸 공채는 다른 주요 기업의 채용 계획에 적잖은 영향을 미칠 전망이다.삼성은 통상적으로 1년에 1만 명(대졸·초대졸·고졸)의 신규인력을 뽑아왔다. 이 중 반도체 사업을 책임지는 DS부문이 4500여 명에 달한다.삼성 소식에 정통한 관계자는 ""삼성은 그룹 차원에서 전자 계열사 고졸 채용 계획을 이미 세운 상태""라면서 ""대졸에 비해 상대적으로 일자리를 구하기 어려운 고졸 우수 인력의 사회적 진출 기회가 많아질 것으로 기대한다""고 말했다.이재용 삼성전자 부회장(오른쪽)과 정의선 현대자동차 수석부회장이 1월 2일 오전 서울시 중구 대한상공회의소 국제회의장에서 열린 문재인 대통령과 함께하는 2020 경자년 신년회에 참석해 악수하고 있다/사진제공=뉴시스이정혁 기자 utopia@mt.co.kr"
6,005930, 2020.06.18 17:37,한국경제,마포 뒷골목 '물개카페' 프?츠…삼성도 반한 까닭은,https://finance.naver.com/item/news_read.nhn?article_id=0004363332&office_id=015&code=005930&page=2&sm=,"김보라 기자의 거리를 바꾼 카페들‘갈매기 골목’으로 불리는 서울 마포 가든호텔 뒷길. 오래된 음식점 사이 밤낮으로 붐비는 카페가 하나 있다. 빵 굽는 냄새에 먼저 이끌린다는 일명 ‘물개 카페’, 프릳츠커피컴퍼니다.2014년 문을 연 프릳츠는 ‘레트로 카페’의 원조다. 낡은 한옥 속에서 세련된 커피와 빵의 맛이 어우러져 단숨에 2030세대가 열광하는 공간이 됐다. 3년도 채 버티기 어렵다는 커피시장에서 프릳츠는 5년 만에 연매출 80억원을 올리는 유명 브랜드가 됐다. 마포 도화점을 시작으로 종로 원서점, 양재점까지 매장이 세 개로 늘었고, 전국 550곳의 카페에 로스팅한 원두를 공급한다. 삼성전자는 젊은 세대를 매혹시킨 프릳츠를 연구했다. 지난해 신제품 냉장고 ‘비스포크’의 전시장과 광고 촬영지로 프릳츠를 택했고, 프릳츠 캐릭터를 활용해 갤럭시 컵, 문구류 등의 관련 용품을 내놓기도 했다.프릳츠는 6인의 공동 창업자가 시작했다. 바리스타 챔피언, 베이커리 전문가, 생두 바이어 등 각 분야의 최고 전문가가 모여 ‘빵과 커피가 맛있는 곳’을 만들기로 했다. 프릳츠 도화점에서 만난 김병기 대표(39·사진)는 “사계절 일정한 품질로 빵, 커피를 만들려면 부동산 때문에 생존을 고민하지 않아도 되는 곳이 필요했다”고 말했다.당시 다른 카페들이 가로수길, 합정동, 연남동 등에 경쟁하듯 몰릴 때 넥타이 부대가 많은 먹자골목에 자리를 잡은 이유다. 1호점인 마포 도화점은 물론 2호점인 양재점도 번화가와 거리가 먼 주택가 한구석에 자리잡고 있다. 원서점은 아라리오갤러리에서 좋은 조건으로 카페 자리를 내줬다.프릳츠는 ‘부조화’를 콘셉트로 선택했다. 우선 브랜드 ‘프릳츠(fritz·고장난)’부터가 그렇다. 커피 전문점에 전혀 어울리지 않는 이름은 한글 옛 표기법으로 쓸 수 있고, 특이하다는 이유로 선택됐다. 핵심 캐릭터인 물개도 커피와 관련이 없지만 남들이 쓰지 않는다는 이유로 낙점됐다. “그래서 기억하기 쉽다”는 논리다. 프릳츠가 개발한 물개 콘셉트의 컵과 에코백, 문구류 등은 고객층 사이에 ‘팬덤’을 형성했다. 요즘 1020세대엔 스타벅스의 인어 사이렌보다 프릳츠의 물개가 더 인기 있다.김 대표는 “카페를 멋있게 만드는 건 쉽지만, 사랑받는 카페가 되는 건 어렵다”고 강조한다. 직원들 임금을 업계 평균보다 30%가량 더 주고 있다. 작년에도 전 직원 연봉을 7%가량 올려줬다. 다른 카페들이 ‘대목’이라고 부르는 명절에도 프릳츠는 모두 쉰다. 결혼 수당, 상여금, 근속 수당은 물론 아이 한 명을 낳을 때마다 보너스를 준다.destinybr@hankyung.com"
7,005930, 2020.06.18 15:17,한국경제,"마포 뒷골목 '물개카페' 프?츠, 삼성전자 전시장 된 이유",https://finance.naver.com/item/news_read.nhn?article_id=0004363178&office_id=015&code=005930&page=2&sm=,"김보라 기자의 거리를 바꾸는 카페들 (2) 프릳츠커피컴퍼니1020 ""스타벅스 사이렌보단 프릳츠 물개""마포 종로 양재 등 6년 만에 3곳서 80억 매출 전국 550곳 카페에 월 16t의 원두 납품 6인의 창업자 ""커피와 빵으로 굿컴퍼니 만들자"" 80명 직원에 투자…행복한 직원이 좋은 회사 핵심구성원의 삶과 행복을 고민해온 6년 결혼 수당 상여금 근속수당+ 공유車도 운영정신 건강 위한 전직원 심리 상담도 ""프릳츠는 새로운 노동 패러다임의 실험장""김병기 프릳츠커피컴퍼니 대표.갈매기 골목으로 불리는 마포 가든호텔 뒷길. 오래된 음식점들 사이 1년 내내 붐비는 카페가 하나 있다. 길을 헤매던 사람도 빵 굽는 냄새에 먼저 이끌려 찾게 된다는 일명 물개 카페, 프릳츠커피컴퍼니다.2014년 문을 연 프릳츠는 독립 카페 중 처음으로 낡은 것들을 현대적으로 해석한 레트로 카페의 원조로 불린다. 독특한 공간, 스페셜티커피, 맛있는 베이커리 메뉴가 어우러져 단숨에 2030이 열광하는 공간이 됐다.3년도 채 버티기 어렵다는 커피 시장에서 프릳츠는 매년 성장하며 연매출 80억원의 카페 브랜드가 됐다. 점포는 마포 도화점, 종로 원서점, 양재점 등 3개로 늘었다. 전국 550곳의 카페는 프릳츠가 로스팅한 원두로 커피를 내린다. 월 16t의 원두를 볶는다. 프릳츠는 시작부터 달랐다. 6인의 공동 창업자가 모여 시작했다. 빵 천재 허민수, 바리스타 챔피언 박근하, 로스터 김도현, 생두 바이어이자 커피 감별사 전경미, 바리스타 송성만과 생두 바이어 김병기. 각 분야 최고의 전문가가 모여 빵과 커피가 맛있는 곳을 만들었다.  6년 뒤 프릳츠는 카페들의 카페가 됐다. 창업 멤버 6인은 여전히 함께 한다. 이들은 △카페가 몰리는 핵심 상권이 아닌 곳에서 △스페셜티 커피의 특별함을 과시하지 않고도 △80명의 정규직 직원과 함께 성장을 이뤄나가는 새로운 실험의 성공 스토리를 써가고 있다. 프릳츠 도화점에서 김병기 대표(39)를 만났다. 마포 뒷골목, 물개의 탄생 스토리 프릳츠의 3개 매장은 공통점이 있다. 요즘 뜬다는 핵심 상권과는 거리가 멀다. 프릳츠가 매장을 낼 때 다른 카페들은 주로 가로수길, 광화문, 합정동, 연남동 등에 경쟁하듯 모였다. 1호점인 마포 도화점은 원래 갈비집이었던 곳을 개조한 곳. 지금도 주변에 이렇다 할 경쟁 카페는 없다. 김병기 대표는 ""제대로 된 빵과 커피를 만드는 데 상권은 중요하지 않았다""고 했다. 그만큼 최고의 완성품을 내놓을 자신이 있었다는 얘기다. 더 중요한 건 빵과 커피는 온도와 습도에 따라 품질이 좌우된다는 것. ""상권보다는 사계절 일정한 품질로 빵과 커피를 만들 수 있는 공간이 중요했어요. 이사를 자주 다녀야 하면 매번 품질 관리 기준을 다시 잡아야 하니까요. 부동산(임대료) 문제 때문에 생존을 고민하지 않아도 되는 곳을 찾아다니다 둥지를 튼 곳이 도화동이었습니다""1호점인 마포 도화점은 물론 2호점인 양재점도 번화가와 거리가 먼 주택가 한 구석에 자리잡고 있다. 원서점은 아라리오갤러리에서 좋은 조건으로 카페 자리를 내줬다.아낀 임대료로 공간은 더 압도적으로 만들고, 브랜딩은 세심하게 다듬었다. 그래야 오랜 시간이 지나도 사랑받을 수 있을 것이라는 확신이 있었다. 상호는 프릳츠(fritz·고장난)로 지었다. 한글의 옛 표기법을 따를 수 있고 영어로도 읽기 쉬워 뜻은 따지지 않고 그냥 지었다고 한다. 핵심 캐릭터로는 물개를 선택했다. 프릳츠 안에는 서로 어울리지 않을 것 같은 한국의 자개장과 낡은 가구들이 놓여 있다. 야외에는 동해안 해변에서 볼 수 있는 오색 파라솔과 플라스틱 의자들이 자리하고 있다. 그는 ""서로 관계 없는 것, 낯선 것들을 고집했다""고 했다. 또 ""가장 한국적인 것들의 아름다움을, 사람들과 나누는 공간을 만들고 싶었다""고 했다. 삼성전자도 부러워하는 브랜드가 되다  물개가 간판이 된 이유도 비슷하다. 커피와 전혀 연관 없고 낯설지만, 반대로 독보적인 확대재생산이 가능한 캐릭터였다. 어디에도 없던 물개는 사람들의 뇌리에 금방 각인됐다. 프릳츠의 물개는 컵, 에코백, 문구류 등 각종 굿즈로 진화했다. 밀레니얼 세대들에겐 팬덤이 됐다. 요즘은 스타벅스의 인어 사이렌보다 프릳츠의 물개가 더 인기 있다. 뭘 만들어도 잘 팔리는 캐릭터가 된 셈이다.  독보적인 캐릭터와 공간이 구축되자 크고 작은 기업들의 협업 요청도 끊이지 않고 있다. 지난해 삼성전자 브랜딩팀은 프릳츠가 밀레니얼 세대를 어떻게 매혹시켰는 지 연구했다. 신제품 냉장고 비스포크의 전시장으로 프릳츠 카페를 택했고, 갤럭시 신제품을 내놓을 때 프릳츠와 협업한 굿즈를 내놨다. 사람에 투자하니, 사람이 몰렸다김 대표는 ""카페를 멋있게 만드는 건 쉽지만, 사랑받는 카페가 되는 건 어렵다""고 했다. 혼자 열심히 하는 건 쉽지만, 함께 일해 사회에 기여하는 기업을 만들어내는 건 어렵다고도 했다. 프릳츠에서 빵과 커피는 굿 컴퍼니를 만들기 위한 하나의 수단이다. 창업자 6명은 프릳츠 구성원 최대 다수의 최대 행복을 꿈꿨다. 직원들의 경제적 성취 없이 시간제 알바만을 유지해서는 지속 가능하지 않다고 봤다. 초기엔 업계 평균보다 임금을 30% 가량 더 주는 정책으로 다른 카페 사장님들에게 눈총을 받기도 했다.그는 ""작년에도 전 직원의 연봉을 7%가량 올려줬다""며 ""인생의 시기마다 경제적 성취가 있어야 하고, 가족들과 평범한 행복을 누릴 수 있는 직원이 곧 좋은 회사를 만드는 것""이라고 말했다.프릳츠는 다른 카페들이 명절 대목을 노릴 때도 전 매장 문을 닫는다. 직원들의 삶이 행복하지 않으면 결코 행복하게 손님을 맞이할 수 없다는 판단 때문이다. 모든 직원에겐 결혼 수당, 상여금, 근속 수당 등을 준다. 아이 1명을 낳을 때마다 주는 보너스도 있다. 프릳츠 양재점의 커피바프릳츠는 지속가능한 기술자 양성소프릳츠만의 직업교육도 있다. 6개월에  한 번은 전 점포가 문을 닫고 직원 80명이 한 자리에 모인다. 얼굴을 마주보고 서로의 안부를 묻고, 회사의 현황을 공유한다. 칭찬해 프로그램으로 동료들 중 멋진 사람을 추천하기도 한다.가르치고 배우기라는 주제의 싱크프로그램은 베이커리팀이 커피를 배우거나 커피팀이 사진 촬영기법을 배우는 등의 사내 1일 클래스다. 가르치는 사람(10만원)과 배우는 사람(3만원)에게 회사는 모두 돈을 지급한다. ""모든 구성원은 훌륭한 기술자가 되어야 하고, 기술자가 되기 위해 잘 배워야 한다""는 게 김 대표의 얘기다.그는 ""각자의 직무 내용을 한 달에 한번 번갈아 가며 동료들에게 가르치는데 구성원 개인의 시간이 소중하고, 모두의 성장이 중요하기 때문에 배우는 이와 가르치는 사람 모두에게 참여금을 준다""고 했다.  혼자 사는 직원들에겐 집으로 비타민 박스를 보내 과일과 견과류 등을 챙겨준다. 서비스업의 고된 면을 알기 때문에 체력단련비와 함께 인근 상담센터에서 직원들이 정기 정신 건강검진을 받을 수 있도록 지원한다.20대 직원이 많은 만큼 회사는 공유차를 운영해 필요한 사람이 미리 예약해서 회사 차를 마음껏 쓸 수 있게 했다.김 대표는 ""새로운 노동의 패러다임을 만들고 싶었다""며 ""내가 가진 기술로 내 삶을 불안 없이 유지할 수 있는 지속가능한 구조가 필요하다""고 했다. 커피 잘 내리는 사람? 지각 안하는 사람이 더 좋다   프릳츠에서 일하는 건 힘들다. 일종의 오픈 커피 바형태여서 바에서 일하는 직원들은 잠시라도 손님들의 시선을 피할 수가 없다.김 대표는 ""바리스타는 매일 무대에 서는 동시에 무대 뒤에 일도 함께 해내야 하는 직업""이라며 ""커피 한 잔의 정점을 만드는 동시에 매일 같은 일을 반복하는 일""이라고 한다.그는 신입사원이 들어오면 정직원이 되기 전 2개월의 수습 기간 동안 직업인 교육을 맡는다.여론과 의견, 언어감수성, 직급과 직책의 차이, 소통과 약속의 중요성, 자기객관화 등을 주제로 조직 사회에서 기본적으로 알아야 할 업의 기본에 대해 강의한다. 다른 카페와는 다른 공부를 할 수 있어서일까. 2014년 창업 멤버들은 아직도 대부분 자리를 지키고 있다.""프릳츠에서 일할 땐 커피를 맛있게 만드는 것보다 더 중요한 일이 있어요. 약속한 시간을 어기지 않는 거죠. 회사는 직원들의 행복을 위해 고민하고, 직원들은 출근시간을 잘 지키는 게 기본이니까요."" 김 대표가 생각하는 프릳츠의 가장 큰 자랑 벽이 없는 것. 프릳츠는 스페셜티 커피를 다루지만 콜드브루, 커피티백, 드립백, 인스턴트커피, 볶은 원두까지 커피의 모든 것을 만들고 판다.프릳츠 카페에 앉아 있으면 머리가 희끗한 노년의 부부, 아이 손잡고 오는 젊은 부부, 데이트 하는 대학생, 직장인들, 외국인들까지 찾아오는 단골들의 경계도 없다.  ""문턱을 낮추는 게 진짜 멋이라고 생각해요. 어차피 좋은 카페, 좋은 공간이란 결국 손님이 만드는 것이니까요.""이토록 쉽고 친절한 스페셜티 커피라니스페셜티 커피 전문점에 가면 원산지, 농장, 로스팅 방식과 유통 과정 등을 다소 복잡하게 써놓은 곳이 많다. 유명 카페라고 해서 가도 막상 그들만의 언어가 된 곳들이 다수다.프릳츠는 그걸 경계했다. 간편하고 편안하게 누구나 즐길 수 있는 방식을 택했다.바이어들은 매년 인도와 콜롬비아 등 커피 산지에 직접 가 계약을 해오고, 식품안전인증을 받은 로스팅 공장에서 고품질의 원두를 세심하게 블렌딩한다. 하지만 이를 전면에 내세우지 않는다.커피 맛있게 마시는 법, 더 간편하게 즐기는 홈카페만 이야기할 뿐이다. 대표 원두 블렌드의 이름도 서울시네마 잘 되어 가시나 올드독 등으로 은유적으로, 위트있게 지었다. 5월 노동절을 기념해 내놓은 한정판의 이름은 영차영차. 강배전한 커피 블렌드로 노동의 쓴맛과 단맛을 살렸다는 의미를 담아 화제를 모았다. 프릳츠의 인스타그램은 하나의 미디어가 되고 있다. 원두 보관법, 콜드브루 맛있게 즐기는 법을 캐릭터와 이미지를 활용해 쉽게 설명한다.  이번달 프릳츠에서 흘러나오는 음악 리스트도 공유한다.  원두 블렌드의 이름인 잘 되어 가시나를 큰 타이틀로 프릳츠에서 일하는 사람들의 인터뷰 시리즈도 싣고 있다.제빵사, 바리스타, 디자이너까지 벌써 38명째 인터뷰가 올라왔다. 이 글들은 프릳츠를 찾는 사람들, 프릳츠에서 일하는 사람들이 모두 공유한다. 각자의 일에 몰두해 지나칠 수 있었던 바로 옆 사람의 이야기에 집중할 수 있게 하는 매개다. ""우리는 어쩌면 가족들보다 더 자주 만나고 더 많은 이야기를 나눕니다. 함께하는 구성원이 그렇고, 여러 가지 방법으로 프릳츠를 찾아주시는 손님들이 그렇습니다. 프릳츠에서 함께하는 사람들에게 안부 묻기, 잘 되어 가시나."" 김보라 기자 destinybr@hankyung.com"
8,005930, 2020.06.18 17:32,한국경제,파운드리 진격하는 삼성…TSMC 꺾을 '팹리스 군단' 키운다,https://finance.naver.com/item/news_read.nhn?article_id=0004363321&office_id=015&code=005930&page=2&sm=,"서버 없이도 반도체 설계 가능클라우드 플랫폼 제공삼성이 투자…활용은 누구나 기술만큼 생태계 장악 중요삼성전자가 파운드리 생산 시설을 공격적으로 늘리고 있다. 지난달 21일엔 경기 평택에도 극자외선(EUV) 장비가 들어가는 첨단 반도체 파운드리 신설 계획을 내놨다.  /한경 DB삼성전자가 중소 팹리스(반도체 설계 업체)에 시스템 반도체를 손쉽게 설계할 수 있는 클라우드 기반 플랫폼을 제공하기로 했다. 삼성에 우호적인 팹리스와 디자인하우스(반도체 설계 후공정 업체)를 늘리는 게 목적이다. 글로벌 파운드리(반도체 수탁생산) 시장 1위를 노리고 있는 삼성전자가 생태계 확장에 팔을 걷어붙였다는 해석이 나온다.팹리스 챙기기 나선 삼성전자삼성전자와 플랫폼 업체인 리스케일은 18일 통합 클라우드 설계 플랫폼 ‘SAFE-CDP’를 선보였다. 팹리스 업체들이 언제 어디서나 칩 설계를 할 수 있는 환경을 제공하기 위해 별도의 플랫폼을 구축했다는 게 삼성 측 설명이다.시스템 반도체 생산 공정이 미세화되면서 반도체 칩 설계도 까다로워졌다. 설계 작업의 후반부로 갈수록 복잡한 계산이 많아진다. 이런 작업이 원활하게 이뤄지려면 필요한 만큼의 저장공간과 소프트웨어 서버를 패키지로 빌리는 클라우드 서비스가 뒷받침돼야 한다. 칩의 성능을 검증하는 데 필요한 데이터 양이 상당하고 컴퓨팅 자원도 많이 소모하기 때문이다.삼성전자 관계자는 “클라우드 비용 부담을 고민하는 팹리스가 많다는 걸 감안해 플랫폼을 개발하게 됐다”며 “SAFE-CDP가 팹리스업계의 진입장벽을 낮추는 역할도 할 것으로 기대한다”고 말했다.벌써부터 팹리스업계에선 SAFE-CDP에 대한 긍정적인 반응이 나온다. 본격 서비스에 앞선 테스트에서 성과가 확인됐다. 차량용 반도체 칩 설계에 삼성의 플랫폼을 활용했던 가온칩스는 기존 플랫폼을 쓸 때보다 설계에 걸리는 기간을 약 30% 단축할 수 있었다.삼성전자는 지난해 4월 ‘시스템 반도체 생태계 강화 방안’을 발표한 이후 팹리스와 디자인하우스 지원에 적극 나서기 시작했다. 정은승 삼성전자 파운드리사업부 사장은 “팹리스 업체들이 다양한 분야에서 활약할 수 있도록 개발부터 양산에 이르는 모든 과정을 돕겠다”고 강조하기도 했다.삼성전자는 이와 별도로 팹리스 업체의 제품 개발을 돕기 위해 시제품을 제작해주는 멀티프로젝트웨이퍼(MPW) 프로그램을 공정당 연 3~4회 운영 중이다. 작년 하반기부터는 국내 팹리스와 디자인하우스 개발자들에게 레이아웃, 설계 방법론, 검증 등을 교육하는 프로그램도 운영 중이다.‘기업 간 경쟁’에서 ‘생태계 간 경쟁’으로삼성전자는 글로벌 파운드리 시장 2위 업체다. 2분기 기준 점유율이 18.8%(트렌드포스 기준)다. 하지만 1위인 대만 TSMC(51.5%)와의 격차가 상당하다. 공정 미세화 등 기술적인 부분에선 TSMC와 별 차이가 없다.문제는 파운드리 전후 공정과 연계해 제공하는 서비스다. 특히 비슷한 분야의 업체들을 연결해주거나 팹리스와 협력하면 좋을 디자인하우스를 소개해주는 네트워킹이 아쉽다는 게 업계의 중론이다. 반도체업계 관계자는 “삼성전자가 TSMC와의 격차를 줄이려면 더 많은 팹리스와 디자인하우스를 삼성 생태계 안으로 끌어들여야 한다”고 지적했다.생태계의 밀도를 높이는 데 주력하는 것은 파운드리 업체들만이 아니다. 글로벌 팹리스들도 업계 영향력을 확대하기 위해 중소 팹리스들을 지원하고 있다. 자사의 설계자산(IP)을 활용하는 업체가 많아져야 IP 사용료 수익이 늘어나기 때문이다. ‘경쟁력 있는 고객사 수=미래 수익’이란 공식이 파운드리와 팹리스에 똑같이 적용되고 있다.스마트폰의 두뇌인 애플리케이션프로세서(AP) 칩 설계 시장의 95%를 차지하는 ARM이 대표적인 사례로 꼽힌다. 이 회사는 지난해 중소벤처기업부의 12호 ‘자상한 기업(자발적 상생협력기업)’으로 선정됐다. ARM은 설계 패키지인 ‘플렉서블 액세스’를 향후 3년간 국내 스타트업 10곳에 지원하기로 했다. 이 패키지를 활용하면 ARM이 보유한 IP의 75%를 자유롭게 쓸 수 있다.송형석 기자 click@hankyung.com"
9,005930, 2020.06.18 17:23,파이낸셜뉴스,"삼성, 반도체 생태계 강화… 중소 팹리스에 통합 설계 환경 제공",https://finance.naver.com/item/news_read.nhn?article_id=0004445962&office_id=014&code=005930&page=2&sm=,"통합 클라우드 설계 플랫폼 제공팹리스, 아이디어만 있으면서버 투자 없이 반도체 칩 설계설계 기간 기존比 약 30% 단축 국내 팹리스 업체 가온칩스 직원과 삼성전자 직원이 통합 클라우드 설계 플랫폼(SAFE-CDP)으로 칩 설계를 진행하고 있다. 삼성전자 제공 삼성전자가 중소 팹리스(반도체 설계회사) 업체가 서버 투자없이도 반도체 칩 설계를 할 수 있는 클라우드 플랫폼을 제공한다. 지난해 4월 발표한 133조원 규모의 시스템반도체 생태계 강화 방안의 일환으로 침체된 국내 팹리스 시장 활성화에 기여할 것으로 보인다.   삼성전자는 중소 팹리스 고객들이 보다 편리하게 설계할 수 있는 생태계 구축 차원에서 통합 클라우드 설계 플랫폼(SAFE-CDP)을 출시했다고 18일 밝혔다. 삼성전자와 클라우드 고성능 컴퓨팅(High Performance Computing) 플랫폼 업체인 리스케일이 공동 구축한 SAFE-CDP는 팹리스 고객들이 아이디어만 있으면 언제 어디서나 바로 칩 설계를 시작할 수 있는 가상의 설계 환경이다.   이 서비스는 자동화 설계 업체인 앤시스, 멘토, 케이던스, 시놉시스의 소프트웨어를 공용 클라우드 상에서 구동될 수 있도록 구축한 게 핵심이다.   삼성전자 관계자는 ""공정이 미세화될수록 반도체 칩 설계는 복잡해지고 난이도 또한 높아진다""며 ""SAFE-CDP는 서버 확장에 대한 고객들의 투자 부담을 줄이고, 칩 설계와 검증 작업에 필요한 컴퓨팅 자원도 단계에 따라 유연하게 사용할 수 있도록 지원한다""고 밝혔다.   국내 팹리스 업체인 가온칩스는 삼성전자의 SAFE-CDP를 활용해 차량용 반도체 칩을 설계한 결과, 기존 대비 약 30%의 설계 기간을 단축하는 성과를 얻기도 했다. 정규동 가온칩스 대표는 ""삼성의 통합 설계 플랫폼은 중소 팹리스 업체들의 시장 진입장벽을 낮춰줄 것""이라며 ""제품 경쟁력 향상으로 국내 업체들이 더욱 성장할 수 있는 계기가 될 것""이라고 평가했다.   ADT, 하나텍 등 국내 중소 팹리스 업체들이 SAFE-CDP에 대한 수요가 높은 것으로 전해졌다. 중소 팹리스 입장에선 자체 서버 구축과 비교해 시간과 투자 비용을 줄일 수 있어 반도체 설계 경쟁력이 향상될 것으로 기대된다.   박재홍 삼성전자 DS부문 파운드리사업부 부사장은 ""리스케일과 함께 선보이는 삼성전자의 통합 설계 플랫폼은 팹리스 업계가 클라우드 기반 설계 환경으로 옮겨가는 중요한 기반이 될 것""이라며 ""파운드리(반도체 수탁생산) 생태계 강화를 통해 고객들이 혁신적인 제품을 출시할 수 있도록 지속 기여할 것""이라고 밝혔다.   삼성전자는 작년 4월 시스템반도체 생태계 강화 방안을 발표한 이후 팹리스, 디자인하우스 등 국내 중소 업체들과의 상생 협력에 박차를 가하고 있다.   한편, 삼성전자는 지난해 발표한 시스템반도체 생태계 강화를 꾸준히 추진중이다. 이미 국내 중소 팹리스 업체의 제품 개발에 필수적인 멀티프로젝트웨이퍼(MPW) 프로그램을 공정당 연 3~4회로 확대 운영중이다. MPW는 다품종 소량 생산의 파운드리 공정에서 한 장의 웨이퍼에 여러 반도체 제품을 생산하는 방식이다. 삼성전자는 8인치(200㎜)뿐 아니라 12인치(300㎜) 웨이퍼까지 최첨단 파운드리 공정을 중소 팹리스가 활용할 수 있도록 지원하고 있다.   삼성전자 관계자는 ""지난해 생태계 강화 방안 발표 이후 중소 업체들과 협력해온 제품이 올해 말부터 본격 양산될 예정""이라며 ""특히, 지난해 하반기부터 국내 팹리스와 디자인하우스 업체의 경쟁력 향상을 위해 레이아웃, 설계 방법론과 검증 등을 포함한 기술 교육도 제공하고 있다""고 밝혔다.    cgapc@fnnews.com 최갑천 기자 "
10,005930, 2020.06.18 14:32,한국경제,아낌없이 주는 삼성전자…中企 팹리스에 설계 플랫폼 지원,https://finance.naver.com/item/news_read.nhn?article_id=0004363118&office_id=015&code=005930&page=2&sm=,"아이디어만 있으면 칩 설계 환경 제공삼성전자 제공삼성전자가 중소 팹리스(생산시설 없이 반도체 설계만 하는 업체)가 서버 없이도 반도체 칩을 설계할 수 있도록 지원하는 플랫폼을 선보인다.삼성전자는 클라우드 고성능컴퓨터(HPC·High Performance Computing) 플랫폼 업체인 리스케일(Rescale)과 함께 통합 클라우드 설계 플랫폼 SAFE-CDP(SAFE Cloud Design Platform)를 출시했다고 18일 밝혔다.이 플랫폼은 중소 팹리스 업체가 아이디어만 있으면 즉시 칩 설계를 시작할 수 있도록 가상의 설계 환경을 제공하는 서비스다.칩 자동화 설계 소프트웨어(SW) 업체인 앤시스(Ansys), 멘토(Mentor a Siemens Business), 케이던스(Cadence), 시놉시스(Synopsys)의 SW를 공용 클라우드 상에서 구동될 수 있도록 구축했다.통상 공정이 미세화할수록 반도체 칩 설계는 복잡해지고 난이도 또한 높아진다.특히 설계 작업의 후반부로 갈수록 필요한 컴퓨팅 자원도 기하급수적으로 증가하며, 칩 검증에 소모되는 시간도 많다.삼성전자의 SAFE-CDP는 중소 업체들이 서버 확장에 대한 투자 부담을 덜면서 칩 설계와 검증 작업에 필요한 컴퓨팅 자원을 단계에 따라 유연하게 사용할 수 있도록 지원한다.삼성에 따르면 앞서 국내 팹리스 업체인 가온칩스가 SAFE-CDP를 활용해 차량용 반도체 칩을 설계한 결과 설계 기간을 종전대비 약 30%가량 단축했다.또 현재 ADT(에이디테크놀로지), 하나텍 등 여러 국내 중소 업체들이 SAFE-CDP 사용 의사를 밝히고 있다.노정동 한경닷컴 기자 dong2@hankyung.com"
11,005930, 2020.06.18 11:01,서울경제,"삼성전자 '중소 팹리스, 서버없이도 칩 설계' 도와",https://finance.naver.com/item/news_read.nhn?article_id=0003755396&office_id=011&code=005930&page=2&sm=,"통합 플랫폼 SAFE-CDP 구축클라우드 기반 투자부담 줄여파운드리 생태계 확장도 탄력삼성전자 임직원이 국내 팹리스 업체 ‘가온칩스’ 직원들을 대상으로‘통합 클라우드 설계 플랫폼(SAFE-CDP)’ 사용자 교육을 진행하고 있다. /사진제공=삼성전자[서울경제] 삼성전자(005930)가 국내 중소 팹리스(반도체 설계전문) 업체들과 공동 성장을 목표로 한 반도체 생태계 조성에 나선다. 이재용 삼성전자 부회장  이 강조한 ‘뉴삼성’이 중소 업체와의 협업을 기반으로 속도를 내는 모습이다.  삼성전자는 중소 팹리스 업체가 서버 없이도 반도체 칩 설계를 할 수 있는 ‘통합 클라우드 설계 플랫폼(SAFE-CDP)’을 출시했다고 18일 밝혔다. 이번 서비스는 삼성전자와 클라우드 고성능컴퓨팅(HPC) 플랫폼 업체인 리스케일이 함께 구축했다. 팹리스 업체들은 이를 통해 인터넷 접속만 되면 언제 어디서나 칩 설계가 가능해졌다. 이재용 삼성전자 부회장팹리스 업체들의 반도체 설계 역량도 한층 업그레이드될 것으로 전망된다. 최근 반도체 공정이 나노(10억분의1m) 단위로 미세화되면서 반도체 칩 설계 난도 또한 높아지고 있다. 특히 설계 작업 후반부로 갈수록 필요한 컴퓨팅 자원이 크게 증가하며 칩 검증에 소모되는 시간도 늘고 있다. 삼성전자의 SAFE-CDP를 이용할 경우 서버 확장 관련 팹리스들의 투자 부담을 줄일 수 있으며 칩 설계와 검증 작업에 필요한 컴퓨팅 자원도 단계에 따라 유연하게 사용 가능하다. 국내 팹리스 업체 ‘가온칩스’ 직원과 삼성전자 임직원이 ‘통합 클라우드 설계 플랫폼(SAFE-CDP)’으로 칩 설계를 진행하고 있다. /사진제공=삼성전자국내 팹리스인 ‘가온칩스’는 SAFE-CDP를 활용해 차량용 반도체 칩을 설계한 결과 기존 대비 설계 기간이 약 30%가량 줄기도 했다. 이에 발맞춰 삼성전자의 파운드리(반도체 위탁생산) 역량도 꾸준히 업그레이드되고 있다. 삼성전자는 한 장의 웨이퍼에 다른 종류의 반도체 제품을 함께 생산하는 멀티프로젝트웨이퍼(MPW) 프로그램을 공정당 매년 3~4회로 확대 운영하고 있으며 8인치(200㎜)와 12인치(300㎜) 웨이퍼를 지원한다. MPW 프로그램은 다품종 소량생산에 특화된 만큼 중소 팹리스 입장에서는 삼성전자 파운드리를 보다 쉽게 이용할 수 있게 된다. 삼성전자는 지난해 하반기부터 국내 팹리스와 디자인하우스 업체의 경쟁력 향상을 위해 레이아웃, 설계 방법론·검증 등을 포함한 기술 교육도 제공하고 있다. 박재홍 삼성전자 DS(디바이스솔루션) 부문 파운드리사업부 부사장은 “리스케일과 함께 선보이는 삼성전자의 통합 설계 플랫폼은 팹리스 업계가 클라우드 기반 설계 환경으로 옮겨가는 중요한 기반이 될 것”이라며 “파운드리 생태계 강화를 통해 고객들이 혁신적인 제품을 출시할 수 있도록 지속 기여할 것”이라고 밝혔다./양철민기자 chopin@sedaily.com[서울경제 바로가기]"
12,005930, 2020.06.18 11:01,파이낸셜뉴스,"삼성전자, '아낌없이 준다'..국내 팹리스에 클라우드 설계 서비스 제...",https://finance.naver.com/item/news_read.nhn?article_id=0004445666&office_id=014&code=005930&page=2&sm=,"국내 팹리스 업체 가온칩스 직원과 삼성전자 직원이 통합 클라우드 설계 플랫폼(SAFE-CDP)으로 칩 설계를 진행하고 있다. /삼성전자 제공[파이낸셜뉴스]삼성전자가 중소 팹리스(반도체 설계회사) 업체가 서버 투자없이도 반도체 칩 설계를 할 수 있는 클라우드 플랫폼을 제공한다. 지난해 4월 발표한 133조원 규모의 시스템반도체 생태계 강화 방안의 일환으로 침체된 국내 팹리스 시장 활성화에 기여할 것으로 보인다.   삼성전자는 중소 팹리스 고객들이 보다 편리하게 설계할 수 있는 생태계 구축 차원에서 통합 클라우드 설계 플랫폼(SAFE-CDP)을 출시했다고 18일 밝혔다. 삼성전자와 클라우드 고성능 컴퓨팅(High Performance Computing) 플랫폼 업체인 리스케일이 공동 구축한 SAFE-CDP는 팹리스 고객들이 아이디어만 있으면 언제 어디서나 바로 칩 설계를 시작할 수 있는 가상의 설계 환경이다.   이 서비스는 자동화 설계 업체인 앤시스, 멘토, 케이던스, 시놉시스의 소프트웨어를 공용 클라우드 상에서 구동될 수 있도록 구축한 게 핵심이다.   삼성전자 관계자는 ""공정이 미세화될수록 반도체 칩 설계는 복잡해지고 난도 또한 높아진다""며 ""SAFE-CDP는 서버 확장에 대한 고객들의 투자 부담을 줄이고, 칩 설계와 검증 작업에 필요한 컴퓨팅 자원도 단계에 따라 유연하게 사용할 수 있도록 지원한다""고 밝혔다.   국내 팹리스 업체인 가온칩스는 삼성전자의 SAFE-CDP를 활용해 차량용 반도체 칩을 설계한 결과 기존 대비 약 30%의 설계 기간을 단축하는 성과를 얻기도 했다. 정규동 가온칩스 대표는 ""삼성의 통합 설계 플랫폼은 중소 팹리스 업체들의 시장 진입장벽을 낮춰줄 것""이라며 ""제품 경쟁력 향상으로 국내 업체들이 더욱 성장할 수 있는 계기가 될 것""이라고 평가했다.   ADT, 하나텍 등 국내 중소 팹리스 업체들이 SAFE-CDP에 대한 수요가 높은 것으로 전해졌다. 중소 팹리스 입장에선 자체 서버 구축과 비교해 시간과 투자 비용을 줄일 수 있어 반도체 설계 경쟁력이 향상될 것으로 기대된다.   박재홍 삼성전자 DS부문 파운드리사업부 부사장은 ""리스케일과 함께 선보이는 삼성전자의 통합 설계 플랫폼은 팹리스 업계가 클라우드 기반 설계 환경으로 옮겨가는 중요한 기반이 될 것""이라며 ""파운드리(반도체 수탁생산) 생태계 강화를 통해 고객들이 혁신적인 제품을 출시할 수 있도록 지속 기여할 것""이라고 밝혔다.   삼성전자는 작년 4월 시스템반도체 생태계 강화 방안을 발표한 이후 팹리스, 디자인하우스 등 국내 중소 업체들과의 상생 협력에 박차를 가하고 있다.   한편, 삼성전자는 지난해 발표한 시스템반도체 생태계 강화를 꾸준히 추진중이다. 이미 국내 중소 팹리스 업체의 제품 개발에 필수적인 멀티프로젝트웨이퍼(MPW) 프로그램을 공정당 년 3~4회로 확대 운영중이다. MPW는 다품종 소량 생산의 파운드리 공정에서 한 장의 웨이퍼에 여러 반도체 제품을 생산하는 방식이다. 삼성전자는 8인치(200㎜)뿐 아니라 12인치(300㎜) 웨이퍼까지 최첨단 파운드리 공정을 중소 팹리스가 활용할 수 있도록 지원하고 있다.   삼성전자 관계자는 ""지난해 생태계 강화 방안 발표 이후 중소 업체들과 협력해온 제품이 올해 말부터 본격 양산될 예정""이라며 ""특히, 지난해 하반기부터 국내 팹리스와 디자인하우스 업체의 경쟁력 향상을 위해 레이아웃, 설계 방법론과 검증 등을 포함한 기술 교육도 제공하고 있다""고 밝혔다.    cgapc@fnnews.com 최갑천 기자   "
13,005930, 2020.06.18 11:00,머니투데이,반도체도 상생…삼성전자 중소 팹리스 칩 설계 지원,https://finance.naver.com/item/news_read.nhn?article_id=0004426963&office_id=008&code=005930&page=2&sm=," [머니투데이 심재현 기자]  국내 팹리스 업체 가온칩스 직원과 삼성전자 임직원이 통합 클라우드 설계 플랫폼(SAFE Cloud Design Platform, SAFE-CDP)으로 반도체 칩을 설계하고 있다. /사진제공=삼성전자삼성전자가 중소 팹리스(반도체 설계)업체의 칩 설계를 지원한다고 18일 밝혔다. 국내 시스템반도체 생태계의 경쟁력 강화를 위한 상생 경영의 일환이다. 이재용 삼성전자 부회장의 동반성장 의지가 반영된 결단으로 분석된다.삼성전자와 클라우드 HPC(하이 퍼포먼스 컴퓨팅) 플랫폼업체 리스케일이 구축한 통합 클라우드 설계 플랫폼(SAFE-CDP)은 팹리스업체가 아이디어만 있으면 언제 어디서나 칩을 설계할 수 있도록 가상의 설계 환경을 제공하는 서비스다.반도체 공정이 미세화될수록 반도체 칩 설계는 복잡해지고 난도도 높아진다. 특히 설계 작업 후반부로 갈수록 필요한 컴퓨팅 자원도 기하급수적으로 늘고 칩 검증에 소모되는 시간도 길어진다.삼성전자의 SAFE-CDP는 팹리스업체들의 서버 확장 투자 부담을 줄이고 칩 설계와 검증 작업에 필요한 컴퓨팅 자원도 단계에 따라 유연하게 사용할 수 있도록 지원한다.삼성전자의 디자인 솔루션 파트너사인 팹리스업체 가온칩스는 삼성전자의 SAFE-CDP를 활용해 차량용 반도체 칩을 설계하면서 설계 기간을 기존보다 약 30% 단축했다.정규동 가온칩스 대표는 ""삼성전자의 통합 설계 플랫폼은 중소 팹리스업체의 시장 진입장벽을 낮춰줄 것""이라며 ""제품 경쟁력 향상으로 국내 업체들이 더욱 성장할 수 있는 계기가 될 것""이라고 밝혔다.업계에서는 ADT(에이디테크놀로지), 하나텍 등이 추가로 SAFE-CDP 사용 의사를 밝히고 있다. 전문가들은 중소 팹리스업체가 자체 서버를 구축하는 것보다 소요 시간과 투자 비용을 줄일 수 있어 더 경쟁력 있는 반도체 제품을 설계할 수 있을 것으로 본다.삼성전자 DS부문 파운드리사업부 박재홍 부사장은 ""리스케일과 함께 선보이는 삼성전자의 통합 설계 플랫폼은 팹리스업계가 클라우드 기반 설계 환경으로 옮겨가는 중요한 기반이 될 것""이라며 ""파운드리 생태계 강화를 통해 고객들이 혁신적인 제품을 출시할 수 있도록 지속 기여할 것""이라고 밝혔다.삼성전자는 지난해 4월 시스템반도체 생태계 강화 방안을 발표하면서 팹리스, 디자인하우스 등 국내 중소업체와의 상생 협력에 속도를 내고 있다.국내 중소 팹리스업체의 제품 개발 활동에 필수적인 MPW(멀티 프로젝트 웨이퍼)프로그램을 공정당 연 3~4회로 확대 운영하고 8인치(200㎜)뿐 아니라 12인치(300㎜) 웨이퍼도 활용할 수 있도록 지원한다.전장, 모바일, 보안 등 다양한 응용처에 최적화된 공정 기술과 설계 인프라도 제공하기 시작했다. 생태계 강화 방안 발표 이후 중소업체들과 협력해 개발한 제품을 올해 말 본격 양산할 예정이다.삼성전자는 지난해 하반기부터 국내 팹리스업체와 디자인하우스 업체의 경쟁력 향상을 위해 레이아웃, 설계 방법론·검증 등을 포함한 기술 교육도 시행 중이다.심재현 기자 urme@mt.co.kr"
14,005930, 2020.06.18 17:26,매일경제,"삼성전자, 시스템반도체 생태계 키운다",https://finance.naver.com/item/news_read.nhn?article_id=0004598160&office_id=009&code=005930&page=2&sm=,"중소 팹리스에 플랫폼 제공아이디어만 있으면 칩설계삼성전자가 국내 중소 팹리스(반도체 설계 전문) 업체의 경쟁력 강화를 돕기 위해 반도체 칩 설계를 할 수 있는 클라우드 설계 플랫폼을 출시했다. 18일 삼성전자는 중소 팹리스 업체들이 더욱 편리하게 반도체를 설계할 수 있는 통합 클라우드 설계 플랫폼 SAFE-CDP를 출시했다고 밝혔다. 삼성전자와 클라우드 플랫폼 업체 리스케일이 함께 구축한 이 플랫폼은 팹리스 업체가 아이디어만 있으면 언제 어디서나 바로 칩 설계를 시작할 수 있도록 가상의 설계 환경을 제공한다.공정 미세화로 칩 설계 난도가 높아지면서 설계 작업 후반부로 갈수록 필요한 컴퓨팅 자원이 기하급수적으로 늘고, 설계 검증에 소모되는 시간도 상당하다. 삼성전자는 중소업체들이 클라우드 설계 플랫폼을 활용하면 제품 개발에 드는 비용과 시간을 크게 절감할 수 있을 것으로 기대하고 있다. 실제 국내 팹리스 업체 가온칩스는 SAFE-CDP로 차량용 반도체를 설계해 개발 기간을 30% 단축했다. 삼성전자는 지난해 4월 시스템반도체 생태계 강화 방안을 발표한 이후 국내 중소 반도체 기업들의 생태계 확장을 위해 적극적인 지원에 나서고 있다. 국내 중소업체들의 제품 개발 활동에 필수적인 멀티 프로젝트 웨이퍼 프로그램(시험생산)을 공정당 연 3~4회로 확대 운영하고 있다. 삼성전자는 전장, 모바일, 보안 등 다양한 응용처에 최적화된 공정 기술과 설계 인프라스트럭처를 제공하고 있으며 생태계 강화 방안 발표 이후 중소업체들과 협력한 제품이 올해 말부터 양산될 예정이다.삼성전자는 2018년부터 파운드리 생태계 프로그램 SAFE를 가동하고 파트너와 고객사 협력에 더욱 힘쓰고 있다. 작년부터는 국내 팹리스와 디자인하우스 업체의 경쟁력 향상을 위해 설계 방법론, 검증 등 기술 교육도 제공하고 있다. 삼성전자는 경기도 화성·평택에 투자를 지속해 파운드리 사업을 강화하고, 국내 중소업체들이 삼성전자의 최첨단 공정 기술을 활용할 수 있도록한다는 계획이다.박재홍 삼성전자 DS부문 파운드리사업부 부사장은 ""통합 설계 플랫폼은 팹리스 업계가 클라우드 기반 설계 환경으로 옮겨가는 중요한 기반이 될 것""이라고 말했다. [전경운 기자]"
15,005930, 2020.06.18 11:37,헤럴드경제,"삼성, 국내 시스템 반도체 생태계 넓힌다",https://finance.naver.com/item/news_read.nhn?article_id=0001688161&office_id=016&code=005930&page=2&sm=,"이재용 ‘반도체 강국’ 동반성장 가속클라우드 설계 플랫폼 지원중소 팹리스, 서버 없이도 칩설계시장진입장벽 낮추며 경쟁력 향상삼성전자가 중소 반도체 설계업체들에 ‘클라우드 설계 플랫폼’을 지원하며 ‘시스템 반도체 강국’을 위한 생태계 조성 작업을 가속화한다.삼성전자는 중소 팹리스(반도체 생산라인이 없는 설계전문 업체)들이 자체 서버 없이도 언제 어디서나 칩 설계를 할 수 있는 ‘통합 클라우드 설계 플랫폼’(SAFE Cloud Design Platform, SAFE-CDP)을 출시했다고 18일 밝혔다.이번 ‘SAFE-CDP’ 출시는 지난해 4월 이재용(사진) 삼성전자 부회장이 선포한 ‘반도체 비전 2030’의 일환이다. 이 부회장은 당시 “2030년까지 133조 원을 투자해 시스템반도체 분야에서 1위에 오르겠다”며 “같이 나누고, 함께 성장하는 것이야말로 세계 최고를 향한 도전을 멈추게 하지 않는 힘”이라고 강조한 바 있다. 삼성전자는 이를 위해 화성, 평택에 잇따라 투자를 단행하며 파운드리 사업 강화에 속도를 높이고 있으며, 국내 중소기업들이 삼성의 최첨단 공정 기술을 보다 편리하게 활용할 수 있도록 접근성을 높여 생태계를 지속 확장해 나가고 있다.삼성전자와 클라우드 HPC(High Performance Computing) 플랫폼 업체인 리스케일(Rescale)이 함께 구축한 이번 ‘SAFE-CDP’는 팹리스 고객들이 아이디어만 있으면 언제 어디서나 즉시 칩 설계를 시작할 수 있도록 가상의 설계 환경을 제공하는 서비스다.이 서비스는 자동화 설계 소프트웨어 기업인 앤시스, 멘토, 케이던스, 시놉시스의 소프트웨어를 공용 클라우드 상에서 구동될 수 있도록 구축한 플랫폼이다.삼성전자의 ‘SAFE-CDP’는 서버 확장에 대한 고객들의 투자 부담을 줄이고, 칩 설계와 검증 작업에 필요한 컴퓨팅 자원도 단계에 따라 유연하게 사용할 수 있도록 지원한다.통상 반도체 칩 설계 작업의 후반부로 갈수록 필요한 컴퓨팅 자원도 기하급수적으로 증가하며, 칩 검증에 소모되는 시간도 상당한 데, 이를 줄여주는 효과가 있다고 삼성전자는 설명했다.국내 팹리스 업체 ‘가온칩스’ 직원과 삼성전자 임직원이 ‘통합 클라우드 설계 플랫폼(SAFE Cloud Design Platform, SAFE-CDP)’으로 칩 설계를 진행하고 있다. [삼성전자 제공]실제 국내 팹리스 업체인 ‘가온칩스’는 삼성전자의 SAFE-CDP를 활용해 차량용 반도체 칩을 설계한 결과, 기존 대비 약 30%의 설계 기간을 단축하는 성과를 얻었다.정규동 가온칩스 대표는 “삼성의 통합 설계 플랫폼은 중소 팹리스 업체들의 시장 진입장벽을 낮춰줄 것”이라며, “제품 경쟁력 향상으로 국내 업체들이 더욱 성장할 수 있는 계기가 될 것”이라고 말했다.‘SAFE-CDP’ 출시 이후 ADT(에이디테크놀로지), 하나텍 등 여러 국내 중소 업체들이 사용 의사를 밝히고 있으며, 자체 서버 구축 대비 소요되는 시간과 투자 비용을 줄일 수 있어 보다 경쟁력 있는 반도체 제품을 설계할 수 있을 것으로 기대된다.삼성전자는 ‘SAFE-CDP’ 외에도 ‘시스템반도체 생태계 강화 방안’을 발표한 이후 팹리스, 디자인하우스 등 국내 중소 업체들과의 상생 협력에 박차를 가하고 있다.삼성전자는 2018년부터 파운드리 생태계 프로그램 ‘SAFE(Samsung Advanced Foundry Ecosystem)’를 운영하며 파트너와 고객과의 협력을 강화해오고 있다.지난해 하반기부터 국내 팹리스와 디자인하우스 업체의 경쟁력 향상을 위해 레이아웃, 설계 방법론·검증 등을 포함한 기술 교육도 제공해오고 있으며, 중소 업체들과 협력해온 제품은 올해 말부터 본격 양산될 예정이다.박재홍 삼성전자 DS부문 파운드리사업부 부사장은 “리스케일과 함께 선보이는 삼성전자의 통합 설계 플랫폼은 팹리스 업계가 클라우드 기반 설계 환경으로 옮겨가는 중요한 기반이 될 것”이라며, “파운드리 생태계 강화를 통해 고객들이 혁신적인 제품을 출시할 수 있도록 지속 기여할 것”이라고말했다. 정세희 기자"
16,005930, 2020.06.18 11:02,매일경제,"삼성전자, 국내 시스템반도체 생태계 경쟁력 강화 적극 지원",https://finance.naver.com/item/news_read.nhn?article_id=0004597788&office_id=009&code=005930&page=2&sm=,"[사진제공 = 삼성전자] 삼성전자가 중소 팹리스 업체가 서버 없이도 반도체 칩 설계를 할 수 있는 클라우드 설계 플랫폼을 제공하는 등 국내 시스템반도체 생태계의 경쟁력을 강화하기 위해 적극적인 지원에 나서고 있다.18일 관련업계에 따르면 삼성전자는 지난해 4월 시스템반도체 생태계 강화 방안을 발표한 이후 팹리스, 디자인하우스 등 국내 중소 업체들과의 상생 협력에 박차를 가하고 있다.국내 중소 팹리스 업체의 제품 개발 활동에 필수적인 MPW(Multi-Project Wafer)프로그램을 공정당 년 3~4회로 확대 운영하고, 8인치(200mm)뿐 아니라 12인치(300mm) 웨이퍼로 최첨단 공정까지 활용할 수 있도록 지원하고 있다.삼성전자는 전장, 모바일, 보안 등 다양한 응용처에 최적화된 공정 기술과 설계 인프라를 제공하고 있으며, 생태계 강화 방안 발표 이후 중소 업체들과 협력해온 제품이 올해 말부터 본격 양산될 예정이다.특히 삼성전자는 작년 하반기부터 국내 팹리스와 디자인하우스 업체의 경쟁력 향상을 위해 레이아웃, 설계 방법론·검증 등을 포함한 기술 교육도 제공하고 있다. 이에 대한 업체들의 만족도 또한 높은 것으로 알려졌다.삼성전자는 2018년부터 파운드리 생태계 프로그램 SAFE(Samsung Advanced Foundry Ecosystem)를 운영하며, 파트너와 고객과의 협력 강화에 더욱 노력하고 있다.한편 삼성전자는 고객들이 더욱 편리하게 설계할 수 있는 생태계를 만들기 위해 통합 클라우드 설계 플랫폼(SAFE Cloud Design Platform, SAFE-CDP)을 출시했다.삼전자와 클라우드 HPC(High Performance Computing) 플랫폼 업체인 리스케일(Rescale)이 함께 구축한 SAFE-CDP는 팹리스 고객들이 아이디어만 있으면 언제 어디서나 즉시 칩 설계를 시작할 수 있도록 가상의 설계 환경을 제공하는 서비스다.이 서비스는 자동화 설계 SW 업체인 앤시스(Ansys), 멘토(Mentor a Siemens Business), 케이던스(Cadence), 시놉시스(Synopsys)의 SW를 공용 클라우드 상에서 구동될 수 있도록 구축한 플랫폼이다. 공정이 미세화될수록 반도체 칩 설계는 복잡해지고 난도 또한 높아진다. 특히 설계 작업의 후반부로 갈수록 필요한 컴퓨팅 자원도 기하급수적으로 증가하며, 칩 검증에 소모되는 시간도 상당하다. 삼성전자의 SAFE-CDP는 서버 확장에 대한 고객들의 투자 부담을 줄이고, 칩 설계와 검증 작업에 필요한 컴퓨팅 자원도 단계에 따라 유연하게 사용할 수 있도록 지원한다.국내 팹리스 업체인 가온칩스는 삼성전자의 SAFE-CDP를 활용해 차량용 반도체 칩을 설계한 결과, 기존 대비 약 30%의 설계 기간을 단축하는 성과를 얻기도 했다. 삼성전자의 DSP(Design Solution Partner)인 가온칩스 정규동 대표는   ""삼성의 통합 설계 플랫폼은 중소 팹리스 업체들의 시장 진입장벽을 낮춰줄 것""이라며, ""제품 경쟁력 향상으로 국내 업체들이 더욱 성장할 수 있는 계기가 될 것""이라고 소감을 밝혔다.특히 ADT(에이디테크놀로지), 하나텍 등 여러 국내 중소 업체들이 SAFE-CDP에 대한 사용 의사를 밝히고 있으며, 자체 서버 구축 대비 소요되는 시간과 투자 비용을 줄일 수 있어 보다 경쟁력 있는 반도체 제품을 설계할 수 있을 것으로 기대된다.삼성전자 DS부문 파운드리사업부 박재홍 부사장은 ""리스케일과 함께 선보이는 삼성전자의 통합 설계 플랫폼은 팹리스 업계가 클라우드 기반 설계 환경으로 옮겨가는 중요한 기반이 될 것""이라며, ""파운드리 생태계 강화를 통해 고객들이 혁신적인 제품을 출시할 수 있도록 지속 기여할 것""이라고 말했다.[이상규 기자 boyondal@mkinternet.com]"
17,005930, 2020.06.18 11:02,이데일리,"삼성전자, 중소 팹리스와 ‘상생’ 강화…클라우드 설계 플랫폼 지원",https://finance.naver.com/item/news_read.nhn?article_id=0004667195&office_id=018&code=005930&page=2&sm=,"- 아이디어만 있으면 언제 어디서나 칩 설계 가능- 국내 시스템반도체 생태계 확장 가속화 기대[이데일리 피용익 기자] 삼성전자는 서버 없이도 반도체 칩 설계를 할 수 있는 클라우드 설계 플랫폼을 개발해 중소 팹리스에 제공한다고 18일 밝혔다. 삼성전자는 중소 팹리스에 제공하는 클라우드 설계 플랫폼이 한국 시스템반도체 생태계 강화로 이어질 것으로 기대하고 있다. 시스템반도체 생태계 강화는 삼성전자가 추진하는 ‘반도체 비전 2030’의 주요 내용이다. 이재용 삼성전자 부회장의 ‘동행’ 경영철학과 맞닿아 있기도 하다. ◇ 언제 어디서나 가상의 설계 환경 제공삼성전자(005930)는 반도체 칩을 더욱 편리하게 설계할 수 있는 생태계를 만들기 위해 ‘통합 클라우드 설계 플랫폼(SAFE Cloud Design Platform, SAFE-CDP)’을 출시했다. 삼성전자와 클라우드 HPC(High Performance Computing) 플랫폼 업체인 리스케일이 함께 구축한 ‘SAFE-CDP’는 팹리스 고객들이 아이디어만 있으면 언제 어디서나 즉시 칩 설계를 시작할 수 있도록 가상의 설계 환경을 제공한다. 이 서비스는 자동화 설계 소프트웨어(SW) 업체인 앤시스, 멘토, 케이던스, 시놉시스의 SW를 공용 클라우드 상에서 구동될 수 있도록 구축한 플랫폼이다.공정이 미세화될수록 반도체 칩 설계는 복잡해지고 난도 또한 높아진다. 특히 설계 작업의 후반부로 갈수록 필요한 컴퓨팅 자원도 기하급수적으로 증가하며, 칩 검증에 소모되는 시간도 상당하다. 삼성전자의 SAFE-CDP는 서버 확장에 대한 투자 부담을 줄이고, 칩 설계와 검증 작업에 필요한 컴퓨팅 자원도 단계에 따라 유연하게 사용할 수 있도록 지원한다.삼성전자의 DSP(Design Solution Partner)인 팹리스 업체인 가온칩스는 삼성전자의 SAFE-CDP를 활용해 차량용 반도체 칩을 설계한 결과, 기존 대비 약 30%의 설계 기간을 단축하는 성과를 얻기도 했다. 정규동 가온칩스 대표는 “삼성의 통합 설계 플랫폼은 중소 팹리스 업체들의 시장 진입장벽을 낮춰줄 것”이라며 “제품 경쟁력 향상으로 국내 업체들이 더욱 성장할 수 있는 계기가 될 것”이라고 소감을 밝혔다.업계에 따르면 ADT(에이디테크놀로지), 하나텍 등 여러 국내 중소 업체들이 SAFE-CDP에 대한 사용 의사를 밝히고 있으며, 자체 서버 구축 대비 소요되는 시간과 투자 비용을 줄일 수 있어 경쟁력 있는 반도체 제품을 설계할 수 있을 것으로 기대된다.박재홍 삼성전자 DS부문 파운드리사업부 부사장은 “리스케일과 함께 선보이는 삼성전자의 통합 설계 플랫폼은 팹리스 업계가 클라우드 기반 설계 환경으로 옮겨가는 중요한 기반이 될 것”이라며 “파운드리 생태계 강화를 통해 고객들이 혁신적인 제품을 출시할 수 있도록 지속 기여할 것”이라고 강조했다.◇ 중소기업 지원 통해 반도체 생태계 확장삼성전자는 지난해 4월 ‘시스템반도체 생태계 강화 방안’을 발표한 이후 팹리스, 디자인하우스 등 국내 중소 업체들과의 상생 협력에 박차를 가하고 있다. 국내 중소 팹리스 업체의 제품 개발 활동에 필수적인 MPW(Multi-Project Wafer)프로그램을 공정당 연 3~4회로 확대 운영하고, 8인치(200mm)뿐 아니라 12인치(300mm) 웨이퍼로 최첨단 공정까지 활용할 수 있도록 지원하고 있다.삼성전자는 전장, 모바일, 보안 등 다양한 응용처에 최적화된 공정 기술과 설계 인프라를 제공하고 있으며, 생태계 강화 방안 발표 이후 중소 업체들과 협력해온 제품이 올해 말부터 본격 양산될 예정이다.특히 삼성전자는 작년 하반기부터 국내 팹리스와 디자인하우스 업체의 경쟁력 향상을 위해 레이아웃, 설계 방법론·검증 등을 포함한 기술 교육도 제공하고 있다. 이에 대한 업체들의 만족도 또한 높은 것으로 전해졌다.삼성전자는 2018년부터 파운드리 생태계 프로그램 ‘SAFE(Samsung Advanced Foundry Ecosystem)’를 운영하며, 파트너와 고객과의 협력 강화에 더욱 노력하고 있다.삼성전자는 화성, 평택에 잇따라 투자를 단행하며 파운드리 사업 강화에 속도를 높이고 있으며, 국내 중소기업들이 삼성의 최첨단 공정 기술을 편리하게 활용할 수 있도록 접근성을 높여 생태계를 지속 확장해 나갈 계획이다.삼성전자 임직원이 국내 팹리스 업체 ‘가온칩스’ 직원들을 대상으로 ‘통합 클라우드 설계 플랫폼(SAFE Cloud Design Platform, SAFE-CDP)’ 사용자 교육을 진행하고 있다. (사진=삼성전자)피용익 (yoniki@edaily.co.kr)네이버에서 ‘이데일리’ 구독하기"
18,005930, 2020.06.18 17:13,이데일리,삼성 겨누는 거대여당…이번엔 '삼성생명법',https://finance.naver.com/item/news_read.nhn?article_id=0004667620&office_id=018&code=005930&page=2&sm=,"- 박용진 민주당 의원, 21대 국회서도 보험업법 개정안 발의- 특정회사 지분 3%룰 기준 취득원가 아닌 시가로- 1주당 천원에 삼성전자 샀던 삼성생명, 20조원 주식 팔아야- 순환출자 지배구조 노려..금융감독통합법 이어 전방위 압박[이데일리 김인경 기자] 삼성 지배구조의 핵심인 삼성생명을 겨냥한 ‘보험업법 일부개정법률안’이 21대 국회에 다시 오른다. 18일 국회 의안정보시스템에 따르면 지난 16일 박용진 더불어민주당 의원 외 10인은 보험사가 보유한 특정 회사의 주식이나 채권을 시장가격으로 평가, 총 자산의 3%가 넘을 경우 이 주식을 처분하도록 하는 보험업법 개정안을 발의했다.현재 보험업법도 보험사가 보유한 특정 회사의 주식이 3%를 넘지 못하도록 규제한다. 보험사가 투자 손실을 볼 경우, 고객에게 손실이 전이될 수 있는 만큼 계열사 지분에 제한을 두는 것이다. 그런데 현행법에서의 기준은 ‘취득원가’다. 삼성생명의 경우 삼성전자의 주식을 최초로 취득한 시점은 1980년 이전이다. 당시 삼성전자는 1주당 1072원 수준에서 거래됐다. 현재 삼성생명이 삼성전자의 보통주 5억815만7148주(지분 8.51%)를 보유하고 있어도, 취득원가로 계산하면 총 5447억원 수준에 그친다. 지난 3월 말 기준, 금융감독원에 신고한 삼성생명의 총 자산이 309조원인 점을 고려하면 삼성생명의 삼성전자 보유 비중은 총 자산의 0.18%에 불과하다.  하지만 이를 시장가격으로 계산하면 상황은 달라진다. 삼성전자가 18일 52300원에서 거래로 마쳤으니 시가로 치면 삼성생명이 보유한 삼성전자의 주식은 26조5800억원어치다. 삼성생명 총 자산의 8.60%를 삼성전자에 투자한 것이다. 서울 서초구 삼성타운 내 삼성생명 사옥. (사진= 삼성생명)삼성화재도 문제다. 삼성화재 역시 삼성전자가 주당 872원에 거래되던 시절에 지분을 취득했다. 현재 보유한 8880만2052주는 취득원가로 따지면 774억원 수준이다. 삼성화재의 총 자산 86조원 중에서 삼성전자의 비중은 0.9% 수준이다. 하지만 삼성화재 역시 시가로 계산하면 삼성전자 지분 보유액은 4조6440억원으로 급증한다. 삼성화재 총 자산에서도 차지하는 비중도 5.40%로 뛰어오른다. 보험업법 개정안이 통과되면 삼성생명과 삼성화재는 삼성전자의 지분을 대거 처분해야 한다는 뜻이다. 물론 5년에 걸쳐 매각할 수 있고, 금융위원회의 동의가 있다면 2년 더 연장할 수 있지만 삼성의 순환출자식 지배구조 고리는 흔들릴 수 있다. 박 의원은 의안을 접수하며 “은행이나 상호저축은행 등 다른 금융업권과 달리 보험사만 다른 회사의 채권 또는 주식의 소유금액을 시가 등이 아닌 취득원가로 평가금액을 적용한다”면서 “현재 가치를 자산운용에 제대로 반영하지 못해 공정성이 훼손될 수 있다는 지적이 제기되고 있다”고 말했다.하지만 박 의원의 보험업법 개정안은 실질적으로 삼성가를 겨누고 있다는 지적이 나온다. 이 법안에 적용되면 실제로 지분을 매각해야 하는 곳은 삼성생명과 삼성화재 뿐이다. ‘삼성생명법’이라고도 불리는 이유이기도 하다. 보험업법 개정안은 지난 20대 국회에서도 발의됐지만 특정 기업을 노린 법안이라는 야당의 반발에 제대로 논의되지도 못했다. 하지만 21대 국회는 여당이 177석의 의석을 차지한 만큼, 상황이 달라졌다. 법안 통과의 마지막 길목에 있는 법제사법위원회의 위원장도 여당의 몫이 됐다. 여당인 더불어민주당의 한 관계자는 “아직 본격적인 논의가 시작되지 않은 만큼 당론도 아니고 의원들 개개인 생각은 다를 수 있다”면서도 “삼성을 겨냥한 법안이라기보다 삼성에 주는 특혜를 없애고 공평하게 가자는 법안으로 해석하는 쪽이 더 많다”고 설명했다. 실제로 21대 국회가 출범하자마자 정부와 여당은 삼성을 겨냥한 법안들을 내놓고 있다. 정부는 지난 7일 여·수신과 금융투자, 보험 중 2개 이상의 업종을 운영하는 금융그룹을 감독하기 위한 ‘금융그룹의 감독에 관한 법률’ 제정안을 입법 예고했다. 비(非)금융사 주식취득 한도 제한, 주식처분 명령 등 일부 규제가 제외되기는 했지만 지배구조와 내부거래를 들여다본다는 점 때문에 기업으로선 부담스럽다. 이 법안 역시 삼성을 비롯해 현대차, 한화, 미래에셋, 교보, DB 등 6개 복합금융그룹이 대상이다.(그래픽=김정훈 기자)김인경 (5tool@edaily.co.kr)네이버에서 ‘이데일리’ 구독하기"
19,005930, 2020.06.18 15:48,서울경제,"삼성전자 ""식기세척기도 비스포크"" 7가지 색상 신제품 출시",https://finance.naver.com/item/news_read.nhn?article_id=0003755620&office_id=011&code=005930&page=2&sm=,"3~5인 가구 타깃 12인용···강력 세척·IoT 기능 등 탑재삼성전자 모델이 수원 삼성전자 디지털시티 프리미엄하우스에서 차별화된 세척 성능에 디자인 혁신을 더한 ‘비스포크(BESPOKE) 식기세척기’ 신제품을 소개하고 있다./사진제공=삼성전자[서울경제] ‘취향저격’을 내세운 비스포크 시리즈가 냉장고에서 식기세척기로 영역을 넓혔다. 18일 삼성전자(005930)가 출시한 삼성 비스포크 식기세척기는 12인용 제품으로 소비자들의 다양한 주방 인테리어를 완성시켜 줄 7가지 색상의 비스포크 패널을 적용했다. 12인용 식기세척기는 통상 3~5인 가구에 적합하다. 이 제품은 지난해 첫선을 보인 비스포크 냉장고처럼 이사를 가거나 주방 리모델링시 패널만 교체하는 것이 가능하다는 장점이 돋보인다. 색상은 총 7종으로 글램 화이트와 글램 네이비, 글램 딥 차콜 등 소비자 선호가 높은 색상들이 고루 갖춰져 있다.삼성 비스포크 식기세척기는 한국인의 식생활에 최적화한 세척기능을 탑재했다. 국내 최초로 4단 세척 날개로 입체물살을 구현해 사각지대 없이 강력한 세척을 해준다. 눌어붙은 밥풀이나 양념도 깔끔하게 씻어내는 스팀불림 기능, 오목한 그릇 수납에 용이한 3단 한국형 선반시스템도 밥을 주식으로 삼은 한국인의 식생활에 맞춤이다. 위생을 깐깐하게 따지는 소비자를 위해 세척할 때마다 신선한 물을 공급하는 직수 방식을 채택했다. 또한 75도의 고온수를 사용하는 살균세척 옵션을 탑재해 대장균과 살모넬라균 등 유해세균과 로타·노로·A형간염 등 바이러스도 99.999% 없애준다. 이번 신제품에는 스마트싱스 앱을 통한 사물인터넷(IoT) 기능이 추가됐다. 원격으로 코스와 옵션을 선택해 작동시키고 세척 진행 상황이나 기기의 상태를 확인할 수 있다. 또한 다양한 종류와 재질의 식기를 고려해 최적의 맞춤코스를 추천하는 세척레시피, 효율적으로 식기를 수납할 수 있는 팁을 제공하는 로딩가이드 등도 소비자 편의성을 높인 부분이다. 삼성 비스포크 식기세척기는 싱크대나 가구장에 설치하는 빌트인 타입과 공간 제약 없이 독립적으로 설치할 수 있는 프리스탠딩 타입 겸용이다. 출고가는 144만~149만원이다. 정유진 삼성전자 생활가전사업부 상무는 “삼성전자는 한국인의 식생활에 적합한 한국형 식기세척기를 개발하는 것에 역량을 집중해온 데 이어 디자인을 중요시하는 소비자 트렌드를 반영해 비스포크 패널을 적용했다”며 “강력하고 위생적인 세척 성능은 물론, 차별화된 디자인과 IoT 기능까지 더해진 이번 신제품이 소비자들에게 새로운 주방 경험을 제공할 수 있을 것으로 기대한다”고 말했다. /이수민기자 noenemy@sedaily.com삼성전자 모델이 수원 삼성전자 디지털시티 프리미엄하우스에서 차별화된 세척 성능에 디자인 혁신을 더한 ‘비스포크(BESPOKE) 식기세척기’ 신제품을 소개하고 있다./사진제공=삼성전자[서울경제 바로가기]"
20,005930, 2020.06.18 11:03,매일경제,"삼성전자, 세척 성능·디자인 혁신 `비스포크 식기세척기` 출시",https://finance.naver.com/item/news_read.nhn?article_id=0004597789&office_id=009&code=005930&page=2&sm=,"삼성전자 모델이 비스포크 식기세척기를 소개하고 있다. [사진제공 = 삼성전자] 삼성전자는 차별화된 세척 성능에 디자인 혁신을 더한 비스포크(BESPOKE) 식기세척기를 18일 출시한다고 밝혔다.삼성 비스포크 식기세척기는 12인용 제품(3~5인 가구에 적합)으로 소비자들의 다양한 주방 인테리어를 완성시켜줄 7가지 색상의 비스포크 패널을 적용했다. 적용 색상은 글램 화이트, 글램 핑크, 글램 베이지, 글램 네이비, 글램 딥 차콜, 코타 화이트, 코타 차콜이다.이 제품은 비스포크 냉장고처럼 이사를 가거나 주방 리모델링 시 패널만 따로 교체하는 것이 가능해 주방 분위기에 맞춰 인테리어를 하는데 유용하다. 삼성 비스포크 식기세척기는 한국인의 식생활에 최적화된 제품이다.비스포크 식기세척기는 국내 최초의 4단 세척 날개로 입체 물살을 구현해 사각지대 없이 강력한 세척을 해 준다. 또 눌어 붙은 밥풀이나 양념도 깔끔하게 씻어내는 스팀 불림 등 한국형 맞춤 옵션을 넣었다.한식에서 자주 사용되는 오목한 그릇 수납에 용이한 3단 한국형 선반 시스템 등을 적용해 한국인의 식생활에 최적화해 개발됐다. 위생에 민감한 한국 소비자들을 위해 세척할 때마다 신선한 물을 공급하는 직수 방식은 물론 75도의 고온수를 사용하는살균세척 옵션을 탑재했다. 이 옵션을 사용 시 대장균·살모넬라균·리스테리아균 등의 유해 세균과 로타·노로·A형간염 등의 바이러스를 99.999% 살균해 준다.이번 신제품에는 스마트싱스(SmartThings) 앱을 통한 IoT 기능이 추가됐다. 원격으로 코스와 옵션을 선택해 작동시키고 세척 진행 상황이나 기기의 상태를 확인할 수 있어 어디서든 편리하게 사용 가능하며, 젖병 소독이나 냄비·프라이팬 세척 등의 추가 코스를 다운로드할 수 있다. 또한 다양한 종류와 재질의 식기를 감안해 최적의 맞춤 코스를 추천하는 세척 레시피와 효율적으로 식기를 수납할 수 있는 팁을 알려 주는로딩 가이드등의 기능을 통해 식기세척기를 더욱 똑똑하게 사용 가능하다.  삼성 비스포크 식기세척기는 싱크대나 가구장에 설치하는 빌트인 과 공간 제약 없이 독립적으로 설치할 수 있는 프리스탠딩 타입 겸용으로 출시되며, 출고가는 144만에서 149만원이다.  한편 삼성 빌트인 식기세척기를 구매하는 소비자들은 원스톱 설치 솔루션을 이용할 수 있어 편리하다. 전담 협력사 설치팀이 제품 구매 후 1~2일 안에 싱크대 리폼 공사부터 제품 설치까지 맞춤형으로 제공한다.  또한 디지털 인버터 모터는 10년 무상 보증을 받을 수 있다.정유진 삼성전자 생활가전사업부 상무는 ""삼성전자는 한국인의 식생활에 적합한 한국형 식기세척기를 개발하는데 역량을 집중해온 데 이어 디자인을 중요시하는 소비자 트렌드를 반영해 비스포크 패널을 적용했다""며 ""강력하고 위생적인 세척 성능은 물론, 차별화된 디자인과 IoT 기능까지 더해진 이번 신제품이 소비자들에게 새로운 주방 경험을 제공할 수 있을 것으로 기대한다""고 말했다. [이상규 기자 boyondal@mkinternet.com]"
21,005930, 2020.06.18 11:02,헤럴드경제,"혁신적인 디자인…삼성, ‘비스포크’ 식기세척기 출시",https://finance.naver.com/item/news_read.nhn?article_id=0001688065&office_id=016&code=005930&page=2&sm=,"-7개색 비스포크 패널 적용-냉장고 이어 두번째 비스포크 가전 -‘입체 물살’ 등 한국 식생활 최적화삼성전자 모델이 수원 삼성전자 디지털시티 프리미엄하우스에서 차별화된 세척 성능에 디자인 혁신을 더한 ‘비스포크(BESPOKE) 식기세척기’ 신제품을 소개하고 있다. [삼성전자 제공][헤럴드경제 천예선 기자] 삼성전자가 차별화된 세척 성능에 디자인 혁신을 더한 ‘비스포크(BESPOKE) 식기세척기’를 18일 출시했다.삼성전자가 ‘맞춤형 가전’ 비스포크에서 식기세척기를 내놓은 것은 이번이 처음이다.삼성 비스포크 식기세척기는 12인용 제품(3~5인 가구에 적합)으로 7가지 색상의 비스포크 패널을 적용한 것이 특징이다. 비스포크 냉장고처럼 이사를 가거나 주방 리모델링 시 패널만 따로 교체하는 것이 가능해 주방 분위기에 맞춰 인테리어를 하는데 유용하다. 적용 색상은 글램 화이트, 글램 핑크, 글램 베이지, 글램 네이비 등이다.삼성 비스포크 식기세척기는 한국인의 식생활에 최적화했다. 국내 최초의 4단 세척 날개로 ‘입체 물살’을 구현해 사각지대 없이 강력한 세척을 해준다. 눌어 붙은 밥풀이나 양념도 깔끔하게 씻어내는 ‘스팀 불림’ 등 한국형 맞춤 옵션과 한식에서 자주 사용되는 오목한 그릇 수납에 용이한 ‘3단 한국형 선반 시스템’ 등을 적용했다.강력한 위생기능도 강점이다. 세척할 때마다 신선한 물을 공급하는 직수 방식은 물론 75도의 고온수를 사용하는‘살균세척’ 옵션이 포함됐다. 이 옵션을 사용하면 대장균·살모넬라균·리스테리아균 등의 유해 세균과 로타·노로·A형간염 등의 바이러스를 99.999% 살균해 준다.이번 신제품에는 스마트싱스(SmartThings) 앱을 통한 사물인터넷(IoT) 기능이 추가됐다. 삼성 비스포크 식기세척기는 싱크대나 가구장에 설치하는 ‘빌트인’ 과 공간 제약 없이 독립적로 설치할 수 있는 ‘프리스탠딩’ 타입 겸용으로 출시된다. 출고가는 144만~149만원이다."
22,005930, 2020.06.18 11:01,이데일리,"삼성전자, 식기세척기에도 '비스포크' 7가지 색상 패널 출시",https://finance.naver.com/item/news_read.nhn?article_id=0004667191&office_id=018&code=005930&page=2&sm=,"삼성전자 18일, 비스포크 식기세척기 출시한국인 식생활 맞춤형 기능 최적화출고가 144만원에서 149만원[이데일리 배진솔 기자] 삼성전자(005930)는 차별화된 세척 성능에 디자인 혁신을 더한 ‘비스포크 식기세척기’를 18일 출시한다고 밝혔다. 삼성 비스포크 식기세척기는 12인용 제품으로 소비자들의 다양한 주방 인테리어를 완성시켜줄 7가지 색상의 비스포크 패널을 적용했다. 적용 색상은 글램 화이트·글램 핑크·글램 베이지·글램 네이비·글램 딥 차콜·코타 화이트·코타 차콜이다. 이 제품은 비스포크 냉장고처럼 이사를 하거나 주방 리모델링 시 패널만 따로 교체할 수 있어 주방 분위기에 맞춰 인테리어를 하는데 유용하다. 특히 삼성 비스포크 식기세척기는 한국인의 식생활에 최적화했다는 설명이다. 대표적인 기능으로는 △국내 최초의 4단 세척 날개로 ‘입체 물살’을 구현해 사각지대 없이 강력한 세척 △눌어붙은 밥풀이나 양념도 깔끔하게 씻어내는 ‘스팀 불림’ 등 한국형 맞춤 옵션 △한식에서 자주 사용되는 오목한 그릇 수납에 쉬운 ‘3단 한국형 선반 시스템’ 등이 있다.  또 위생에 민감한 한국 소비자들을 위해 세척할 때마다 신선한 물을 공급하는 직수 방식과 75℃의 고온수를 사용하는 ‘살균세척’ 옵션을 탑재했다. 이 옵션을 사용하면 대장균·살모넬라균·리스테리아균 등의 유해 세균과 로타·노로·A형간염 등의 바이러스를 99.999% 살균해 준다고 설명했다. 이번 신제품에는 ‘스마트싱스’ 앱을 통한 사물인터넷(IoT)기능이 추가됐다. 원격으로 코스와 옵션을 선택해 작동시키고 세척 진행 상황이나 기기의 상태를 확인할 수 있어 어디서든 편리하게 사용 가능하다. 또 젖병 소독이나 냄비·프라이팬 세척 등의 추가 코스를 다운로드할 수 있다. 이밖에 다양한 종류와 재질의 식기를 감안해 최적의 맞춤 코스를 추천하는 ‘세척 레시피’와 효율적으로 식기를 수납할 수 있는 팁을 알려 주는 ‘로딩 가이드’등의 기능이 탑재됐다.  삼성 비스포크 식기세척기는 싱크대나 가구장에 설치하는 ‘빌트인’과 공간 제약 없이 독립적으로 설치할 수 있는 ‘프리스탠딩’ 타입 겸용으로 출시된다. 출고가는 144만원에서 149만원이다. 아울러 삼성 빌트인 식기세척기를 구매하는 소비자들은 ‘원스톱 설치 솔루션’을 제공한다. 전담 협력사 설치팀이 제품 구매 후 1일에서 2일 안에 싱크대 리폼 공사부터 제품 설치까지 처리해준다. 디지털 인버터 모터는 10년 무상 보증을 받을 수 있다.정유진 삼성전자 생활가전사업부 상무는 “삼성전자는 한국인의 식생활에 적합한 한국형 식기세척기를 개발하는데 역량을 집중해온 데 이어 디자인을 중요시하는 소비자 트렌드를 반영해 비스포크 패널을 적용했다”며 “강력하고 위생적인 세척 성능과 차별화된 디자인과 IoT 기능까지 더해진 이번 신제품이 소비자들에게 새로운 주방 경험을 제공할 수 있을 것으로 기대한다”고 말했다. 삼성전자, ‘비스포크’ 식기세척기 (사진=삼성전자)배진솔 (sincere1@edaily.co.kr)네이버에서 ‘이데일리’ 구독하기"
23,005930, 2020.06.18 11:00,아시아경제,"삼성전자, 비스포크 식기세척기 첫 출시…""디자인 가전 확대""",https://finance.naver.com/item/news_read.nhn?article_id=0004701103&office_id=277&code=005930&page=2&sm=,"삼성전자 모델이 수원 삼성전자 디지털시티 프리미엄하우스에서 차별화된 세척 성능에 디자인 혁신을 더한 ‘비스포크 식기세척기’ 신제품을 소개하고 있다.[아시아경제 이동우 기자] 삼성전자는 세척 성능과 디자인 혁신을 더한 비스포크 식기세척기’를 18일 출시했다고 밝혔다. 식기세척기에 비스포크를 도입한 것은 이번이 처음이다. 삼성 비스포크 식기세척기는 12인용 제품(3~5인 가구 중심)으로 소비자들의 주방 인테리어에 대한 선택의 폭을 넓힐 수 있도록 7가지 색상의 비스포크 패널을 적용했다. 제품은 비스포크 냉장고처럼 이사를 하거나 주방 리모델링 시 패널만 따로 교체하는 것이 가능해 주방 분위기에 맞춰 인테리어를 할 수 있는 게 특징이다. 적용 색상은 글램 화이트, 글램 핑크, 글램 베이지, 글램 네이비, 글램 딥 차콜, 코타 화이트, 코타 차콜 등이다.제품은 한국인의 식생활에 최적화된 설계를 통해 국내 최초 4단 세척 날개로 ‘입체 물살’을 구현해 사각지대 없이 강력하게 세척한다. 또 눌어붙은 밥풀이나 양념도 깔끔하게 씻어내는 ‘스팀 불림’ 등 한국형 맞춤 옵션을 제공한다. 한식에서 자주 사용되는 오목한 그릇 수납에 용이한 ‘3단 한국형 선반 시스템’ 등을 적용해 한국인의 식생활에 최적화했다.살균 세척을 통해 위생을 강화했다. 세척할 때마다 신선한 물을 공급하는 직수 방식은 물론, 75도의 고온수를 사용하는 ‘살균세척’ 옵션을 탑재했다. 이 옵션을 사용할 경우 대장균·살모넬라균·리스테리아균 등 유해 세균과 로타·노로·A형간염 등 바이러스를 99.999% 살균해 준다.삼성 ‘비스포크 식기세척기’ 제품 사진.이번 신제품에는 스마트싱스 앱을 통한 사물인터넷(IoT) 기능을 추가했다. 원격으로 코스와 옵션을 선택해 작동시키고 세척 진행 상황 및 기기의 상태를 확인할 수 있어 어디서든 편리하게 사용 가능하다. 젖병 소독이나 냄비·프라이팬 세척 등 추가 코스를 다운로드할 수 있다.또 다양한 종류와 재질의 식기를 고려해 최적의 맞춤 코스를 추천하는 ‘세척 레시피’와 효율적인 식기 수납 팁을 제공하는 ‘로딩 가이드’ 등 기능을 제공한다. 제품은 싱크대나 가구장에 설치하는 ‘빌트인’과 공간 제약 없이 독립적으로 설치할 수 있는 ‘프리스탠딩’ 타입 겸용으로 출시하며 출고가는 144만~149만원이다.삼성 빌트인 식기세척기를 구매하는 소비자는 ‘원스톱 설치 솔루션’을 이용할 수 있다. 솔루션 이용 시 전담 협력사 설치팀이 제품 구매 후 1~2일 안에 싱크대 리폼 공사부터 제품 설치까지 맞춤형으로 제공한다. 디지털 인버터 모터는 10년 무상 보증을 받을 수 있다.정유진 삼성전자 생활가전사업부 상무는 “삼성전자는 한국인의 식생활에 적합한 한국형 식기세척기를 개발하는데 역량을 집중해온 데 이어 디자인을 중요시하는 소비자 트렌드를 반영해 비스포크 패널을 적용했다”며 “강력하고 위생적인 세척 성능은 물론 차별화된 디자인과 IoT 기능을 더했다""고 말했다.이동우 기자 dwlee@asiae.co.kr"
24,005930, 2020.06.18 11:00,머니투데이,식기세척기도 '깔맞춤'…삼성 비스포크 신제품 출시,https://finance.naver.com/item/news_read.nhn?article_id=0004426966&office_id=008&code=005930&page=2&sm=," [머니투데이 심재현 기자] 삼성전자 모델이 수원 삼성전자 디지털시티 프리미엄하우스에서 차별화된 세척 성능에 디자인 혁신을 더한 비스포크 식기세척기 신제품을 소개하고 있다. /사진제공=삼성전자삼성전자가 차별화된 세척 성능에 디자인 혁신을 더한 비스포크 식기세척기를 18일 출시한다.삼성 비스포크 식기세척기는 3~5이 가구에 적합한 12인용 제품으로 글램 화이트, 글램 핑크, 글램 베이지 등 다양한 주방 인테리어를 완성시킬 수 있는 7가지 색상의 비스포크 패널이 적용됐다. 이 제품은 비스포크 냉장고처럼 이사를 가거나 주방을 리모델링할 때 패널만 따로 교체할 수 있어 주방 분위기에 맞춰 인테리어를 할 수 있다. 비스포크 식기세척기는 국내 최초의 4단 세척 날개로 입체 물살을 구현해 사각지대 없이 강력하게 식기를 세척한다고 삼성전자는 밝혔다. 눌어붙은 밥풀이나 양념도 깔끔하게 씻어내는 스팀 불림과 한식에서 자주 사용하는 오목한 그릇을 수납하는 데 편리한 3단 한국형 선반 시스템 등은 한국인의 식생활에 최적화해 개발했다. 위생에 민감한 소비자들을 위해 세척할 때마다 신선한 물을 공급하는 직수 방식을 적용하고 75℃의 고온수를 사용하는 살균세척 옵션도 탑재했다. 글로벌 제품 시험·인증기관 인터텍과 고려대 약학대학 전임상학실 실험 결과 이 옵션을 사용하면 대장균·살모넬라균·리스테리아균 등의 유해세균과 로타·노로·A형간염 등의 바이러스를 99.999% 살균할 수 있다는 것으로 나타났다.신제품에는 스마트싱스 앱을 통한 IoT(사물인터넷) 기능이 추가됐다. 원격으로 코스와 옵션을 선택해 작동시키고 세척 진행 상황이나 기기의 상태를 확인할 수 있다. 젖병 소독이나 냄비·프라이팬 세척 등의 추가 코스도 다운로드할 수 있다.다양한 종류와 재질의 식기를 감안해 최적의 맞춤 코스를 추천하는 세척 레시피와 효율적으로 식기를 수납할 수 있는 팁을 알려주는 로딩 가이드 등의 기능을 통해 식기세척기를 편리하게 사용할 수 있다.삼성 비스포크 식기세척기는 싱크대나 가구장에 설치하는 빌트인과 공간 제약 없이 독립적으로 설치할 수 있는 프리스탠딩 타입 겸용으로 출시된다. 출고가는 144만~149만원이다.삼성 빌트인 식기세척기를 구매하는 소비자들은 원스톱 설치 솔루션을 이용할 수 있다. 제품 구매 후 1~2일 안에 전담 협력사 설치팀이 싱크대 리폼 공사부터 제품 설치까지 맞춤형 서비스를 제공한다. 제품의 디지털 인버터 모터는 10년 무상 보증을 받을 수 있다.정유진 삼성전자 생활가전사업부 상무는 ""삼성전자는 한국인의 식생활에 적합한 한국형 식기세척기를 개발한 데 이어 디자인을 중시하는 트렌드를 반영해 비스포크 패널을 적용했다""며 ""강력하고 위생적인 세척 성능은 물론, 차별화된 디자인과 IoT 기능까지 더해진 신제품이 새로운 주방 경험을 제공할 수 있을 것""이라고 말했다.심재현 기자 urme@mt.co.kr"
25,005930, 2020.06.18 15:15,한국경제,"삼성전자, '삼성 그랑데 AI' 세탁기·건조기…새로운 라이프스타일을 이...",https://finance.naver.com/item/news_read.nhn?article_id=0004363175&office_id=015&code=005930&page=2&sm=,"2020 대한민국 혁신대상 - 융복합혁신상삼성전자의 ‘그랑데 AI(인공지능)’ 세탁기·건조기가 한국표준협회에서 주최하는 ‘2020 대한민국 혁신대상’ 융복합혁신상 대상을 수상했다.‘삼성 그랑데 AI’는 기기 안에서 인공지능(AI) 연산을 처리하는 ‘온디바이스 AI’에 ‘클라우드 AI’를 결합해 소비자의 사용 습관과 패턴을 스스로 학습하고 맞춤형 서비스를 제공하는 인공지능 세탁기와 건조기다. 그랑데 AI는 사용자 맞춤형 서비스뿐 아니라 안심 위생, 강력한 성능 등 소비자들이 세탁기와 건조기에 원하는 요소를 모두 갖췄다는 평가를 받는다.삼성 그랑데 AI는 업계 최초로 세탁기 컨트롤 패널에서 건조기를 조작할 수 있는 ‘올인원 컨트롤’ 기능을 출시했다. 세탁기 위에 건조기를 올려놓는 경우 건조기 컨트롤 패널이 잘 보이지 않는 불편함을 해소했다. 올인원 컨트롤이 포함된 모델은 ‘AI 코스연동’ 기능이 적용된다. 세탁코스를 선택하면 적절한 건조코스를 자동으로 설정해 준다.사용자가 자주 사용하는 코스와 옵션을 기억해 그 순서대로 컨트롤 패널에 보여주는 ‘AI 습관기억’ 기능도 새로 적용했다. 세탁과 건조를 할 때마다 일일이 코스와 옵션을 설정하지 않아도 돼 편리하다. 연 1200만 건 이상의 국내 소비자 사용 데이터를 미리 학습해 삼성 그랑데 AI에 적용했다고 회사 측은 설명했다.‘AI 맞춤 세탁’ 기능도 탑재됐다. 세탁기가 빨래 무게를 감지해 알맞은 양의 세제를 자동으로 투입해 준다. 센서가 오염도를 감지해 세탁 시간과 헹굼 횟수를 조절해 준다. 비 오는 날, 미세먼지가 심한 날, 추운 날 등 날씨 변화에 따른 맞춤 코스도 제안해 준다. 그랑데 AI 건조기는 먼지와 녹, 잔수 걱정이 없는 ‘3무(無) 안심’ 위생관리를 구현했다. 기존 2중 구조의 ‘올인원 필터’에 ‘마이크로 안심필터’를 추가해 3중 필터를 갖춤으로써 먼지를 최소화했다. 열교환기 연결부에는 녹이 발생하지 않도록 특수 코팅을 처리했다. ‘에어살균+’ 기능은 대장균, 녹농균, 황색포도상구균을 99.9%, 집먼지진드기는 100% 박멸한다.그랑데 AI 건조기는 국내 최대 용량의 컴프레서와 열교환기를 탑재해 기존 모델보다 성능이 대폭 향상됐다. 한 번에 순환할 수 있는 냉매량이 많아지고 9개의 정밀센서가 내부 온습도를 빠르고 정확하게 파악하기 때문에 초고속 건조가 가능하다. 건조시간이 기존보다 약 30% 빨라졌다. 셔츠 한 장을 세탁해서 건조까지 하는데 36분이면 된다.그랑데 AI 세탁기는 삼성전자의 독자 기술인 ‘버블워시’와 ‘초강력 워터샷’이 결합된 ‘버블샷’으로 표준코스 기준 세탁에서 헹굼, 탈수까지 단 30분이면 끝낼 수 있다. 김현석 삼성전자 사장(사진)은 “삼성전자는 소비자의 취향과 라이프스타일에 맞는 가전을 제안하기 위해 선제적인 노력을 기울여 왔다”며 “소비자들이 제품을 단편적으로 사용하는 차원을 넘어 새로운 경험을 하고 라이프스타일을 업그레이드하는 데 도움이 되도록 힘쓰겠다”고 말했다.박상용 기자 yourpencil@hankyung.com"
26,005930, 2020.06.18 15:13,한국경제,"삼성전자, 바람으로 미세먼지 없애는 '에어드레서'",https://finance.naver.com/item/news_read.nhn?article_id=0004363174&office_id=015&code=005930&page=2&sm=,"2020 대한민국 혁신대상 - 신기술혁신상삼성전자(사장 김현석·사진)의 의류 청정기 ‘삼성 에어드레서’ 대용량 모델은 이번에 신기술혁신상을 수상했다. 바람과 필터를 통한 미세먼지·냄새 제거와 살균 효과로 소비자 사랑을 받은 덕분이다.삼성 에어드레서는 강력한 바람(제트 에어)을 분사해 옷의 겉면뿐 아니라 안감에 묻은 미세먼지를 제거한다. 25분 만에 미세먼지 99%를 제거할 수 있다. 강력한 성능을 갖췄지만 소음 문제는 없다. 바람을 쏘는 방식으로 먼지를 털어내기 때문에 도서관 내부와 비슷한 수준의 소음만 발생할 뿐이다. 침실에 두더라도 수면을 방해하지 않는다고 삼성전자는 설명했다.삼성 에어드레서는 국내에서 유일하게 의류전용 미세먼지 필터를 사용한다. 옷에서 털어낸 먼지가 에어드레서 내부에 남거나 외부로 새어나오지 않도록 하는 게 특징이다. 에어드레서 대용량 제품의 필터는 기존 모델 대비 50% 커졌다. 미세먼지를 더욱 효율적으로 처리할 수 있다. 약 400회 사용할 수 있기 때문에 자주 교체해야 하는 번거로움을 줄여준다. 자외선(UV) 발광다이오드(LED)와 광촉매 필터로 냄새를 분해하는 방식을 채택했다.옷감에 남아 있는 바이러스 및 세균도 효과적으로 살균 가능하다. 코로나바이러스, 아데노바이러스, 독감 바이러스인 인플루엔자, 대상포진과 수두를 일으키는 헤르페스바이러스 등 각종 병균을 99.9% 제거해준다. 황색포도상구균, 대장균 등 세균도 99.9% 없애준다. 집먼지진드기는 100% 박멸이 가능하다. 영국 알레르기협회(BAF·British Allergy Foundation)로부터 집먼지진드기, 곰팡이, 알레르기 유발 박테리아를 제거하는 탁월한 성능을 인정받았다. 국제인증기관인 인터텍으로부터는 꽃가루와 퍼클로로에틸렌(드라이클리닝 유해물질) 제거 인증을 획득했다. 내부 공간 구성 면에서도 장점이 많다. 에어드레서 대용량 모델에는 ‘긴 옷 케어존’이 있다. 롱패딩과 롱코트, 롱드레스 등을 바닥에 닿지 않게 관리할 수 있다. 큰 옷이 제품 벽면에 닿지 않도록 하는 ‘회전 키트’를 갖췄다. 회전 키트를 쓰면 최대 ‘4XL’ 사이즈의 옷도 반대쪽 벽에 닿지 않은 상태에서 관리할 수 있다.이고운 기자 ccat@hankyung.com"
27,005930, 2020.06.18 15:10,한국경제,"삼성전자, 제트 싸이클론 장착…미세먼지 완벽 차단",https://finance.naver.com/item/news_read.nhn?article_id=0004363163&office_id=015&code=005930&page=2&sm=,"2020 대한민국 혁신대상 - 제품혁신상삼성전자 ‘삼성 제트’는 200W의 흡입력을 구현하는 프리미엄 무선 청소기다. 차별화된 미세먼지 배출 차단 시스템을 갖췄다. 청정스테이션은 삼성 제트 전용 먼지 배출 시스템으로, 미세먼지 걱정 없이 청소기의 먼지통을 비울 수 있다.삼성 제트는 강한 흡입력을 구현하기 위해 한층 강력해진 모터, 배터리, 싸이클론 등을 적용했다. 디지털 인버터 모터는 항공기 날개 모양을 차용해 공기 저항을 최소화했다. 독자 기술인 제트 싸이클론은 27개의 에어홀이 공기를 효율적으로 흐르게 한다.청소기 안에 흡입된 미세먼지가 배기 바람을 통해 실내로 다시 나오는 것을 방지하기 위해 5중 청정 헤파 시스템을 채택했다. 업계 최대 면적의 고성능 필터를 장착해 눈에 보이지 않는 0.3~10㎛ 크기의 생활 미세먼지와 꽃가루·곰팡이 등 알레르기 유발 물질을 99.999% 차단한다. 배터리 성능도 대폭 개선해 완전 충전 땐 최장 60분 동안 연속으로 사용할 수 있다.소비자들의 생활 습관을 반영해 한국형 주거 공간과 바닥 청소에 최적화된 다양한 전용 브러시를 제공한다. 물걸레 브러시는 바닥 밀착력이 높고 청소포를 빠르게 회전시켜 찌든때와 부엌 바닥의 기름때를 없앤다. 세척해 여러 번 사용할 수 있는 초극세사 청소포와 일회용 청소포로 구성했다. 새로 장착한 펫 브러시는 고무와 솔이 혼합돼 소파에 붙은 반려동물의 털을 빨아들인다.삼성전자(사장 김현석·사진)는 기획 단계부터 소비자 심층 조사와 전문가 의견 수렴을 통해 힘을 적게 들이면서 편안하게 사용할 수 있는 인체공학 디자인을 완성했다. 4단계로 길이 조절이 가능하다. 체감 무게를 낮추고 좌우 방향 전환을 쉽게 해 허리와 손목 부담을 최소화했다. 청정스테이션에는 에어펄스 기술을 적용했다. 먼지통을 끼우기만 하면 내부 공기압 차이를 이용해 미세먼지 날림 없이 간편하게 먼지를 배출할 수 있다.김정은 기자 likesmile@hankyung.com"
28,005930, 2020.06.18 14:22,한국경제,"LG·삼성 ""의류관리기로 마스크도 살균됩니다""",https://finance.naver.com/item/news_read.nhn?article_id=0004363108&office_id=015&code=005930&page=2&sm=,"LG전자, 전남대학교 산학협력단과 스타일러의 바이러스 제거 성능 검증삼성전자, 에어드레서에 마스크 살균코드 새로 도입LG전자와 삼성전자가 자사 의류관리기가 의류 뿐 아니라 마스크도 살균해준다는 실험결과를 내놨다. 신종 코로나바이러스 감염증(코로나19) 확산으로 업체들의 마스크 살균 경쟁이 불붙었다는 분석이 나온다. LG 트롬 스타일러LG전자는 스팀 가전인 트롬 스타일러(사진)가 의류뿐 아니라 마스크의 바이러스도 99.99% 이상 제거한다는 시험결과를 18일 발표했다. LG전자·전남대학교 산학협력단의 시험결과 스타일러의 위생살균 바이러스코스는 인플루엔자A(H3N2), 아데노(ICHV), 헤르페스(IBRV), 코로나(PEDV) 등의 바이러스를 99.99% 이상 없앴다. PEDV는 코로나19와는 다른 코로나 바이러스의 일종이다.  산학협력단은 스타일러를 통해 마스크를 대상으로 같은 코스로 실험한 결과 동일한 바이러스를 99.99% 이상 제거했다. 이 시험은 먼지 입자를 94% 이상 차단하는 보건용 KF94 마스크와, 비말을 걸러주는 정도가 상대적으로 낮은 면마스크를 대상으로 했다.LG전자는 한국의류시험연구원(KATRI)과 함께 스타일러로 관리한 마스크의 성능도 시험했다. 스타일러에 KF94 마스크를 넣고 위생살균 바이러스코스를 1~3회 사용한 뒤 각각 측정한 결과, 미세먼지를 걸러주는 비율인 분진포집효율, 마스크 착용 후 숨쉬기 편한 정도인 안면부흡기저항과 같은 성능이 KF94 등급 기준을 충족했다. LG전자는 9년에 걸친 연구개발 끝에 2011년 트롬 스타일러를 선보였다. 이 제품의 글로벌 특허는 220건에 달한다.삼성전자 에어드레서삼성전자도 이날 의류청정기 ‘에어드레서’의 버건디 색상 신모델(사진)을 출시하면서 ‘마스크 살균’ 코스를 도입했다고 발표했다. 자사 시험 결과 일회용 마스크를 에어드레서에 넣고 이 코스로 돌리면 일회용 마스크(KF94, N95)에 묻은 대장균과 황색포도상구균 등의 세균이 99.9% 제거됐다. 마스크 살균 코스를 5번 이용할 때까지는 마스크의 입자성 물질 차단 효율이 95% 이상 유지됐다.기존 에어드레서를 보유한 소비자도 모바일의 스마트싱스 앱을 이용해 코스 다운로드를 하면 이 기능을 사용할 수 있다. 삼성전자 관계자는 ""마스크 살균 기능을 이용한다고 해도 입자성 물질 차단 기능이 이미 손상된 마스크는 차단 기능이 복원되지 않으므로 마스크 식약처의 권고사항 또는 마스크 제조사의 사용상 주의사항을 준수해야 한다""고 설명했다. 이수빈 기자 lsb@hankyung.com"
29,005930, 2020.06.18 11:35,헤럴드경제,"LG-삼성, 의류관리기 ‘마스크 살균’ 신경전",https://finance.naver.com/item/news_read.nhn?article_id=0001688154&office_id=016&code=005930&page=2&sm=,"LG전자, 전남대서 성능 검증삼성전자, 신모델 ‘살균’ 코스 도입LG전자 의류관리기 ‘트롬 스타일러’ [LG전자 제공]삼성전자 의류청정기 버건디색 ‘에어드레서’ [삼성전자 제공]LG전자와 삼성전자가 의류관리기 마스크 살균 기능을 둘러싸고 신경전을 벌이고 있다. LG전자가 자체 마스크 바이러스 제거 성능 검사를 실시해 효능을 입증했다는 자료를 내자 삼성전자도 곧바로 자사의 신모델에 마스크 살균 기능을 추가했다고 응수했다.LG전자는 최근 진행한 ‘트롬 스타일러’의 바이러스 제거 성능 검증 연구에서 마스크에 묻은 바이러스를 99.99% 이상 제거하는 것으로 나타났다고 18일 밝혔다.전남대학교 산학협력단의 시험결과, 스타일러의 위생살균 바이러스코스는 인플루엔자A(H3N2), 아데노(ICHV), 헤르페스(IBRV), 코로나(PEDV) 등의 바이러스를 99.99% 이상 없앴다. 실험에 사용된 코로나(PEDV)는 신종 코로나바이러스 감염증(코로나19)과는 다른 코로나 바이러스의 일종이다.스타일러는 의류 뿐만 아니라 마스크를 대상으로 같은 코스로 실험한 결과 동일한 바이러스를 99.99% 이상 제거했다. 이 시험은 먼지 입자를 94% 이상 차단하는 보건용 KF94 마스크와, 비말을 걸러주는 정도가 상대적으로 낮은 면마스크를 대상으로 했다.LG전자는 한국의류시험연구원(KATRI)과도 스타일러로 관리한 마스크의 성능을 시험했다. 스타일러에 KF94 마스크를 넣고 위생살균 바이러스코스를 1~3회 사용한 후 각각 측정한 결과, 분진포집효율(미세먼지를 걸러주는 비율)과 안면부흡기저항(마스크 착용 후 숨쉬기 편한 정도)과 같은 성능이 KF94 등급 기준을 충족했다.트롬 스타일러는 LG전자의 대표적 ‘스팀 가전’이다. 물을 100도(℃)로 끓여 만드는 트루스팀은 스타일러를 비롯해 건조기, 식기세척기, 원바디 세탁건조기 트롬 워시타워 등 다양한 생활가전에 적용돼 살균, 탈취, 주름완화 등의 탁월한 성능을 인정받고 있다.삼성전자도 LG측이 자료를 내자 의류청정기 ‘에어드레서’의 신모델에서 ‘마스크 살균’ 코스를 도입했다고 밝혔다.지난 12일 출시한 버건디 색상의 에어드레서에서 마스크 살균 코스를 사용하면 일회용 마스크(KF94·N95)에 묻은 대장균과 황색포도상구균 등의 세균이 99.9% 제거된다. 또 이 코스를 5번 이용할 때까지는 마스크의 입자성 물질 차단 효율이 95% 이상 유지된다는 결과를 얻었다.또한, 기존 에어드레서를 보유한 소비자도 모바일의 스마트싱스 앱을 이용해 코스 다운로드를 하면 이 기능을 사용할 수 있다. 다만, 이 기능을 이용한다고 해도 입자성 물질 차단 기능이 이미 손상된 마스크는 차단 기능이 복원되지 않으므로 마스크를 사용할 때는 식약처의 권고사항 또는 마스크 제조사의 사용상 주의사항을 준수해야 한다고 삼성전자 측은 덧붙였다. 천예선 기자"
30,005930, 2020.06.18 10:42,헤럴드경제,"LG-삼성, 의류관리기 마스크 살균 기능 ‘신경전’",https://finance.naver.com/item/news_read.nhn?article_id=0001688044&office_id=016&code=005930&page=2&sm=,"LG전자, 전남대 산학협력단과 성능 검증인플루엔자 등 바이러스 99.99% 이상 제거삼성도 신모델에 ‘마스크 살균’ 코스 도입 ‘맞불의류뿐 아니라 마스크의 바이러스도 99.99% 이상 제거한다는 시험결과가 나온 LG전자 의류관리기 ‘트롬 스타일러’ [LG전자 제공][헤럴드경제 천예선 기자] LG전자와 삼성전자가 의류관리기 마스크 살균 기능을 둘러싸고 신경전을 벌이고 있다. LG전자가 자체 마스크 바이러스 제거 성능 검사를 실시해 효능을 입증했다는 자료를 내자 삼성전자도 곧바로 자사의 신모델에 마스크 살균 기능을 추가했다고 응수했다.LG전자는 최근 진행한 ‘트롬 스타일러’의 바이러스 제거 성능 검증 연구에서 마스크에 묻은 바이러스를 99.99% 이상 제거하는 것으로 나타났다고 18일 밝혔다.전남대학교 산학협력단의 시험결과, 스타일러의 위생살균 바이러스코스는 인플루엔자A(H3N2), 아데노(ICHV), 헤르페스(IBRV), 코로나(PEDV) 등의 바이러스를 99.99% 이상 없앴다. 실험에 사용된 코로나(PEDV)는 신종 코로나바이러스 감염증(코로나19)과는 다른 코로나 바이러스의 일종이다.스타일러는 의류 뿐만 아니라 마스크를 대상으로 같은 코스로 실험한 결과 동일한 바이러스를 99.99% 이상 제거했다. 이 시험은 먼지 입자를 94% 이상 차단하는 보건용 KF94 마스크와, 비말을 걸러주는 정도가 상대적으로 낮은 면마스크를 대상으로 했다.LG전자는 한국의류시험연구원(KATRI)과도 스타일러로 관리한 마스크의 성능을 시험했다. 스타일러에 KF94 마스크를 넣고 위생살균 바이러스코스를 1~3회 사용한 후 각각 측정한 결과, 분진포집효율(미세먼지를 걸러주는 비율)과 안면부흡기저항(마스크 착용 후 숨쉬기 편한 정도)과 같은 성능이 KF94 등급 기준을 충족했다.트롬 스타일러는 LG전자의 대표적 ‘스팀 가전’이다. 물을 100도(℃)로 끓여 만드는 트루스팀은 스타일러를 비롯해 건조기, 식기세척기, 원바디 세탁건조기 트롬 워시타워 등 다양한 생활가전에 적용돼 살균, 탈취, 주름완화 등의 탁월한 성능을 인정받고 있다.마스크 살균 코스가 탑재된 삼성전자 의류청정기 버건디색 에어드레서 [삼성전자 제공]삼성전자도 LG측이 자료를 내자 의류청정기 ‘에어드레서’의 신모델에서 ‘마스크 살균’ 코스를 도입했다고 밝혔다.지난 12일 출시한 버건디 색상의 에어드레서에서 마스크 살균 코스를 사용하면 일회용 마스크(KF94·N95)에 묻은 대장균과 황색포도상구균 등의 세균이 99.9% 제거된다. 또 이 코스를 5번 이용할 때까지는 마스크의 입자성 물질 차단 효율이 95% 이상 유지된다는 결과를 얻었다.또한, 기존 에어드레서를 보유한 소비자도 모바일의 스마트싱스 앱을 이용해 코스 다운로드를 하면 이 기능을 사용할 수 있다.다만, 이 기능을 이용한다고 해도 입자성 물질 차단 기능이 이미 손상된 마스크는 차단 기능이 복원되지 않으므로 마스크를 사용할 때는 식약처의 권고사항 또는 마스크 제조사의 사용상 주의사항을 준수해야 한다고 삼성전자 측은 덧붙였다."
31,005930, 2020.06.18 10:24,한국경제,의류관리기에 넣으면 새 마스크 된다?…삼성·LG에 물어보니,https://finance.naver.com/item/news_read.nhn?article_id=0004362863&office_id=015&code=005930&page=2&sm=,"""LG 스타일러, 바이러스 99% 제거""삼성 에어드레서도 마스크 살균 코스 도입""손상된 마스크 기능은 복원 불가""LG전자 트롬 스타일러. LG전자 제공.LG전자 의류관리기 트롬 스타일러가 마스크 살균에도 효과적이라는 실험 결과가 나왔다.LG전자는 최근 전남대 산학협력단 실험 결과 스타일러의 위생살균 바이러스 코스는 마스크의 아데노, 헤르페스, 코로나 등 바이러스를 99.99% 이상 없앴다고 18일 밝혔다.실험에 사용된 코로나(PEDV)는 신종 코로나바이러스 감염증(코로나19)과는 다른 코로나바이러스의 일종으로, 보건용 KF94 마스크와 면 마스크를 대상으로 실험이 진행됐다.또 LG전자에 따르면 한국의류시험연구원(KATRI)과 스타일러로 관리한 KF94 마스크 성능을 시험한 결과 분진포집효율, 안면부흡기저항 등 성능이 등급 기준을 충족했다.삼성전자 에어드레서 버건디색상. 삼성전자 제공.삼성전자도 최근 버건디 색상을 적용한 의류관리기 신모델 에어드레서를 출시하면서 마스크 살균 코스를 도입했다.이 코스를 사용하면 일회용 마스크(KF94, N95)에 묻은 대장균과 황색포도상구균 등의 세균이 99.9% 제거되며, 이 코스를 5번 이용할 때까지는 마스크의 입자성 물질 차단 효율이 95% 이상 유지된다는 결과를 얻었다고 설명했다.삼성전자 관계자는 ""이 기능을 이용한다고 해도 입자성 물질 차단 기능이 이미 손상된 마스크는 차단 기능이 복원되지 않으므로 마스크 사용시는 식약처의 권고사항 또는 마스크 제조사의 사용상 주의사항을 준수해야 한다""고 했다.노정동 한경닷컴 기자 dong2@hankyung.com"
0,005930, 2020.06.18 13:54,한국경제,"""트럼프 으름장? 美기업 없으면 삼성도 반도체 못 만들어""",https://finance.naver.com/item/news_read.nhn?article_id=0004363059&office_id=015&code=005930&page=3&sm=,"TSMC, 美 어플라이드社 장비 필수유럽·일본 장비 쓰는 삼성도 식각은 美램리서치화웨이, 中기업에 AP 맡겼다 낭패미 상무부는 지난달 15일 미국의 기술을 활용하는 해외기업도 화웨이에 반도체를 공급하려면 미국의 허가를 받도록 수출관리 규정을 바꿨다. 그동안 미국은 자국 안에서 생산된 반도체를 화웨이로 수출하지 못하게 규제했는데, 여기에서 한 발 더 나간 조치를 내놓은 셈이다. [사진=AP연합뉴스]도널드 트럼프 미국 대통령이 중국 화웨이에 반도체를 공급하는 기업들에 자신 있게 ""거래를 끊으라""고 압박할 수 있는 건 사실상 대부분의 반도체 장비와 특허에 미국 기업들이 원천 기술을 갖고 있기 때문이다.18일 대만 디지타임스 등 외신은 ""삼성전자가 미국 정부의 제재 이후에도 현재 수준의 반도체 공급을 유지해달라는 화웨이의 요청을 거절할 것""이라고 보도했다. 대만 디지타임스는 ""화웨이의 구세구가 될 것이란 예상과 달리 미국 제재 방침에 휘말리고 싶어하지 않는 삼성전자가 화웨이의 요청을 수락할 가능성은 낮다""고 했다.미 상무부는 지난달 15일 미국의 기술을 활용하는 해외기업도 화웨이에 반도체를 공급하려면 미국의 허가를 받도록 수출관리 규정을 바꿨다. 그동안 미국은 자국 안에서 생산된 반도체를 화웨이로 수출하지 못하게 규제했는데, 여기에서 한 발 더 나간 조치를 내놓은 셈이다.미 상무부의 이 같은 조치는 화웨이 본사는 물론 하이실리콘 등 화웨이 자회사와 화웨이 장비를 사용하는 업체에도 적용된다. 이렇게 되면 반도체 해외기업과 화훼이가 미국의 기술이 적용된 반도체를 거래하거나 반도체 설계를 활용할 경우에도 모두 미국 정부의 사전 승인을 받아야 한다.대만 TSMC, 삼성전자, SK하이닉스 등 전 세계 기업들에 메모리 반도체를 공급하는 제조사들 중 미국 기술을 쓰지 않는 곳은 거의 없다. TSMC는 최첨단 반도체 공정에 미국 어플라이드 머티리얼스(AMAT) 장비를 쓰고 있다.TSMC와 달리 유럽과 일본 장비를 주로 쓰는 삼성전자가 화웨이의 구세주가 될 수 있다는 얘기도 나왔지만, 삼성전자 역시 식각 장비는 미국의 램리서치에서 생산한 것을 사용한다. 식각은 웨이퍼에서 불필요한 부분을 미세하게 깎는 공정이다. SK하이닉스도 마찬가지다.영국 ARM 대신에 화웨이에 반도체 설계도를 공급해왔던 하이실리콘도 미국 캐이던스와 시냅시스의 설계 소프트웨어를 쓴다. 화웨이가 TSMC를 대체할 희망으로 꼽고 있는 중국 국영기업 SMIC도 램리서치, KLA 등 미국 기업들의 장비를 쓴다. 세계 반도체 장비 시장은 미국의 어플라이드 머티리얼스와 램리서치, KLA 3개사가 40%를 장악하고 있다.세계 반도체 기업들이 화웨이라는 VIP 고객을 잃지 않기 위해 미국 기업들의 기술 대신 유럽이나 일본 기술을 쓰면 된다고 생각하지만 반도체 산업의 특성상 제조장비 상당 부분을 교체하는 것은 쉽지 않다. 또 미 정부의 보복(?)도 우려되는 부분이다.이 때문에 중국 정부는 지난달 국영 반도체 기업인 SMIC에 22억5000만달러(약 2조7700억원)을 투입해 반도체 안보 지키기에 나섰다. 아직 글로벌 기업에 비해 뒤처진 자국 반도체 생산기업의 기술을 빠른 시간 안에 올리기 위해서다.실제 화웨이는 미국의 압박 이후 TSMC와 거래가 끊길 것을 우려해 스마트폰의 두뇌로 불리는 애플리케이션 프로세스(AP) 생산을 국영기업 SMIC에 맡겼으나 기술이 부족해 반도체 칩 두께를 14나노미터(1㎚=10억분의 1m)보다 얇게 생산하는 데 실패했다.노정동 한경닷컴 기자 dong2@hankyung.com"
1,005930, 2020.06.18 12:11,파이낸셜뉴스,"삼성전자, '비스포크' 식기세척기 출시",https://finance.naver.com/item/news_read.nhn?article_id=0004445728&office_id=014&code=005930&page=3&sm=,"삼성전자 모델이 경기도 수원 삼성전자 디지털시티 프리미엄하우스에서 ‘비스포크(BESPOKE) 식기세척기’ 신제품을 소개하고 있다. /삼성전자 제공[파이낸셜뉴스] 삼성전자가 맞춤형 가전 제품의 일환인 ‘비스포크(BESPOKE) 패널을 장착한 식기세척기를 18일 출시했다.   삼성 비스포크 식기세척기는 12인용 제품(3~5인 가구용)으로, 7가지 색상의 비스포크 패널을 적용했다. 이 제품은 비스포크 냉장고처럼 이사를 가거나 주방 리모델링 시 패널만 따로 교체할 수 있어 주방 분위기에 맞춰 인테리어를 하는 데 유용하다.   삼성전자는 비스포크 식기세척기를 한국인의 식생활에 최적화된 제품으로 소개했다. △국내 최초 4단 세척 날개로 ‘입체 물살’을 구현해 사각지대 없이 세척 △눌어 붙은 밥풀이나 양념도 깔끔하게 씻어내는 ‘스팀 불림’ 등 한국형 맞춤 옵션 △한식에서 자주 사용되는 오목한 그릇 수납에 용이한 ‘3단 한국형 선반 시스템’ 등을 적용해 한국인의 식생활에 최적화해 개발됐다.   또한 위생에 민감한 한국 소비자들을 위해 △세척할 때마다 신선한 물을 공급하는 직수 방식 △75도의 고온수를 사용하는‘살균세척’ 옵션을 탑재했다. 고려대학교 약학대학 전임상학실 실험 결과 해당 옵션을 사용 시 대장균·살모넬라균·리스테리아균 등의 유해 세균과 로타·노로·A형간염 등의 바이러스를 99.999% 살균해 준다는 게 삼성전자 설명이다.   이번 신제품은 싱크대나 가구장에 설치하는 ‘빌트인’과 공간 제약 없이 독립적으로 설치할 수 있는 ‘프리스탠딩’ 타입 겸용으로 출시된다. 출고가는 144만~149만원이다.   정유진 삼성전자 생활가전사업부 상무는 “삼성전자는 한국인의 식생활에 적합한 한국형 식기세척기를 개발하는데 역량을 집중해온 데 이어 디자인을 중요시하는 소비자 트렌드를 반영해 비스포크 패널을 적용했다”며 “강력하고 위생적인 세척 성능은 물론, 차별화된 디자인과 IoT(사물인터넷) 기능까지 더해진 이번 신제품이 소비자들에게 새로운 주방 경험을 제공할 수 있을 것으로 기대한다”고 말했다.    seo1@fnnews.com 김서원 기자   "
2,005930, 2020.06.18 11:00,서울경제,"삼성전자, 공급망관리 ‘톱25’ 16년 만에 제외",https://finance.naver.com/item/news_read.nhn?article_id=0003755392&office_id=011&code=005930&page=3&sm=,"가트너 2005년 평가 시작 후 처음서울 서초구 삼성전자 서초사옥. /연합뉴스[서울경제] 삼성전자가 가트너가 매년 발표하는 공급망 선도 상위 25개 기업에서 16년 만에 처음으로 제외됐다.18일 업계에 따르면 글로벌 시장조사업체 가트너가 최근 발표한 글로벌 공급망관리(SCM) 순위에 삼성전자는 이름을 올리지 못했다.가트너는 지난 2005년부터 매년 기업들의 공급망 관리 능력을 종합적으로 평가해 상위 25개 기업을 발표한다. 심사위원 투표와 기업 실적, 재고 관리 역량, 공급망 관련 사회공헌활동(CSR) 등의 점수를 합산해 순위를 매긴다.삼성전자는 2005년 가트너의 SCM 평가가 시작된 후 10여년간 줄곧 20위권 안에 들었다. 2017년에는 순위가 25위로 급격히 떨어졌지만 2018년 17위, 지난해 21위에 오르며 순위를 회복했다. 특히 국내 기업 가운데 ‘톱 25’에 오른 기업은 삼성전자가 유일했다. 하지만 올해는 레노버, 애브비, 바이오젠 등이 새로 순위에 진입하며 삼성전자는 15년간 지켜온 자리를 내주게 됐다.가트너는 “코로나19로 기업 리더에겐 변화를 감지하고 대응하는 애자일(Agile) 전략이 필요해졌다”며 “이번 순위는 이러한 전략을 얼마나 잘 지켜내고 있는지 등을 반영했다”고 설명했다. 애자일 전략은 불확실한 경영환경 속에서 상황에 민첩하게 대응하기 위한 전략으로 주목받고 있다.이번 조사에서 1위는 미국 통신장비 업체 시스코시스템즈가 차지했다. 알리바바는 7위, 인텔은 8위에 올랐다.아마존, 애플, P&G, 맥도날드, 유니레버 등은 10년 이상 공급망 리더십을 유지한 ‘마스터’로 분류돼 평가 대상에서 제외됐다./이재용기자 jylee@sedaily.com[서울경제 바로가기]"
3,005930, 2020.06.18 11:00,아시아경제,"삼성전자, 중소 팹리스업체 가상 칩 설계환경 지원…""반도체 생태계 확장...",https://finance.naver.com/item/news_read.nhn?article_id=0004701107&office_id=277&code=005930&page=3&sm=,"통합 클라우드 설계 플랫폼 지원언제 어디서나 반도체 칩 설계 가능삼성전자 임직원이 국내 팹리스 업체 가온칩스 직원들을 대상으로 통합 클라우드 설계 플랫폼(SAFE-CDP) 사용자 교육을 진행하고 있다.[아시아경제 이동우 기자] 삼성전자가 국내 시스템반도체 경쟁력 강화를 위해 중소 팹리스(반도체 설계전문) 업체에 클라우드 설계 플랫폼을 제공한다. 언제 어디서나 즉시 칩 설계가 가능한 가상의 설계 환경을 제공해 국내 반도체 업계의 경쟁력 강화에 앞장서겠다는 방침이다.삼성전자는 18일 국내 팹리스 고객들이 편리한 반도체 설계 생태계를 만들어 갈 수 있도록 통합 클라우드 설계 플랫폼(SAFE-CDP)을 출시했다고 밝혔다.SAFE-CDP는 삼성전자와 클라우드 고성능 컴퓨팅(HPC) 플랫폼 업체인 리스케일이 함께 구축했다. 이 서비스는 자동화 설계 소프트웨어 업체인 앤시스, 멘토, 케이던스, 시놉시스의 소프트웨어를 공용 클라우드 상에서 구동할 수 있도록 돕는다. 고객들이 아이디어만 있으면 장소 제한 없이 어디서나 즉시 칩 설계를 시작할 수 있는 게 특징이다.삼성전자는 SAFE-CDP를 활용할 경우 서버 확장에 대한 고객들의 투자 부담을 줄이고, 칩 설계와 검증 작업에 필요한 컴퓨팅 자원을 단계에 따라 유연하게 사용할 수 있도록 지원한다고 설명했다. 이는 미세 공정일수록 반도체 칩 설계가 복잡해지고 난이도가 높아져 설계 후반부 증가하는 컴퓨팅 자원과 칩 검증 소모시간을 대폭 줄여준다.실제 국내 팹리스 업체인 가온칩스는 SAFE-CDP를 활용해 차량용 반도체 칩을 설계한 결과 기존 대비 약 30%의 설계 기간을 단축했다고 삼성전자 측은 설명했다. ADT, 하나텍 등 국내 중소 업체들도 SAFE-CDP에 대한 사용 의사를 밝히고 있는 것으로 알려졌다. 자체 서버 구축 대비 소요되는 시간과 투자 비용을 줄일 수 있어 보다 경쟁력 있는 반도체 제품을 설계할 수 있다는 판단이다.삼성전자는 이와 함께 지난해 시스템반도체 생태계 강화 방안 발표 이후 국내 팹리스 업체와 디자인하우스에 레이아웃, 설계 방법론·검증 등 기술교육을 실시해 상생협력을 강화한다는 구상이다. 국내 중소 팹리스 업체의 제품 개발 활동에 필수적인 멀티프로젝트웨이퍼(MPW) 프로그램을 공정당 연 3~4회 확대 운영하고, 8인치(200㎜)뿐 아니라 12인치(300㎜) 웨이퍼로 최첨단 공정까지 활용할 수 있도록 지원한다. 또 전장, 모바일, 보안 등 다양한 응용처에 최적화된 공정 기술과 설계 인프라를 제공해 올해 말부터 중소 업체들과 협력해온 제품을 본격 양산할 전망이다.박재홍 삼성전자 디바이스솔루션 부문 파운드리사업부 부사장은 ""리스케일과 함께 선보이는 삼성전자의 통합 설계 플랫폼은 팹리스 업계가 클라우드 기반 설계 환경으로 옮겨가는 중요한 기반이 될 것""이라며 ""파운드리 생태계 강화를 통해 고객들이 혁신적인 제품을 출시할 수 있도록 지속 기여할 것""이라고 말했다.이동우 기자 dwlee@asiae.co.kr"
4,005930, 2020.06.18 10:03,매일경제,삼성전자 혈압 측정 앱 출시…오늘부터 사용 가능,https://finance.naver.com/item/news_read.nhn?article_id=0004597736&office_id=009&code=005930&page=3&sm=,"[사진제공 = 삼성전자]삼성전자가 지난 4월 식품의약품안전처(MFDS)로부터 허가를 취득한 혈압 측정 앱을 18일 출시한다.이에 따라 갤럭시 워치 액티브2 사용자는 이날부터 갤럭시 웨어러블 앱(Galaxy Wearable)을 통해 최신 워치 펌웨어로 업데이트한 후, 갤럭시 스토어(Galaxy Store)에서 삼성 헬스 모니터(Samsung Health Monitor) 앱을 다운로드 받으면 간편하게 혈압을 측정하고, 자가 관리를 할 수 있다.사용자가 삼성 헬스 모니터 앱을 활용해 혈압을 측정, 관리하기 위해서는 앱을 실행한 후 최초에 커프 혈압계로 기준 혈압을 측정한 값을 입력해야한다. 이 후에는 스마트 워치의 심박센서를 활용해 언제 어디서나 혈압을 측정할 수 있다.혈압의 측정 원리는 스마트 워치에서 측정한 맥박파형을 기준 혈압과 비교 분석하여 혈압 및 맥박수를 보여주는 것이다. 단 기준 혈압은 매 4주마다 커프 혈압계를 통해 보정해 주어야 한다.삼성 헬스 모니터 앱을 통해 측정한 혈압은 스마트 워치와 스마트폰을 통해 확인할 수 있다.일·주·월 단위로 혈압 추이를 확인할 수 있으며, PDF 파일로 저장해 공유할 수도 있다.삼성 헬스 모니터 앱은 안드로이드 7.0 이상 버전을 지원하는 삼성 스마트폰에서만 사용할 수 있다. 관련 센서가 내장된 갤럭시 워치 액티브2 및 향후 혈압 측정 기능이 지원되는 스마트 워치에서도 지원될 예정이다.삼성전자 무선사업부 헬스팀 양태종 전무는 ""삼성 헬스 모니터 앱 출시는 최첨단 하드웨어와 소프트웨어를 결합해 더 많은 사람들에게 편리한 헬스케어 서비스를 제공하고자하는 삼성의 의지를 보여주는 것""이라며 ""갤럭시 워치 액티브2 뿐 아니라 향후 출시되는 워치를 통해 더 많은 갤럭시 사용자들에게 지원될 수 있도록 노력할 것""이라고 말했다.[이상규 기자 boyondal@mkinternet.com]"
5,005930, 2020.06.18 08:53,이데일리,"삼성전자, 2분기 영업이익 시장 전망 넘어설 것-DB",https://finance.naver.com/item/news_read.nhn?article_id=0004667019&office_id=018&code=005930&page=3&sm=," [이데일리 박종오 기자] DB금융투자는 삼성전자(005930)의 올해 2분기(4~6월) 영업이익이 시장 전망치를 웃돌 것으로 예상했다. 반도체 가격 상승 영향이다.이에 따라 이 회사 주식의 투자 의견을 ‘매수’, 목표 주가를 7만원으로 유지했다. 삼성전자의 현재 주가는 1주당 5만2200원(17일 종가 기준)이다. 어규진 DB금융투자 연구원은 18일 펴낸 보고서에서 “삼성전자의 올 2분기 영업이익은 시장 기대치를 상회할 전망”이라고 밝혔다. 삼성전자의 2분기 매출액은 지난해 2분기보다 5.7% 감소한 52조2000억원, 영업이익은 2.2% 줄어든 6조3000억원을 기록할 것으로 내다봤다. 증권사의 영업이익 전망치는 6조원이다. 어 연구원은 “데이터센터 메모리 수요 강세로 D램과 낸드플래시 가격이 각각 10.3%, 4% 상승하며 반도체 사업부 영업이익이 5조1000억원으로 개선될 것”이라며 “우려했던 TV와 스마트폰 예상 판매량도 각각 900만대, 5480만대로 온라인 중심 판매 호조, 오프라인 매장의 마케팅 비용 축소로 인해 수익성이 기존 예상치를 넘어설 것”이라고 분석했다. 올해 하반기(7~12월)에도 회복세를 이어갈 것으로 봤다. 어 연구원은 “최근 글로벌 경제 재개에 따른 하반기 정보·기술(IT) 수요 회복이 기대되는 상황”이라면서 “상반기(1~6월) 부진했던 반도체 사업부는 데이터센터 메모리 주문 감소 우려에도 모바일 제품 증가로 출하 증가에 따른 실적 호조가 기대된다”고 했다. 또 “여기에 더해 세트 사업부의 판매 호조로 반도체 사업부 실적이 올 2분기를 바닥으로 완연한 회복세에 진입할 전망”이라며 “삼성전자의 올해 연간 영업이익은 작년보다 20.1% 늘어난 33조3000억원을 기록하며 전년 대비 충분히 개선될 전망”이라고 덧붙였다. 신종 코로나 바이러스 감염증(코로나19)으로 인한 언택트(비대면) 확산에 힘입어 반도체 중심의 실적 호조세가 계속 이어질 것이라는 의미다.  삼성전자 경영 실적 및 전망 (자료=DB금융투자)박종오 (pjo22@edaily.co.kr)네이버에서 ‘이데일리’ 구독하기"
6,005930, 2020.06.18 08:50,매일경제,"[Hot-Line] ""삼성전자, 하반기 IT수요 회복 기대""",https://finance.naver.com/item/news_read.nhn?article_id=0004597649&office_id=009&code=005930&page=3&sm=," DB금융투자는 18일 삼성전자에 대해 하반기 IT수요회복이 기대된다고 밝혔다. 투자의견은 매수, 목표주가는 7만원을 유지했다.어규진 DB금융투자 연구원은 ""삼성전자의 올해 2분기 실적은 매출액 52조2000억원, 영업이익 6조3000억원으로 전년 동기 대비 7%, 4.4% 줄 것으로 보이나 시장기대치(영업이익 6조원)는 웃돌 전망""이라며 ""데이터센터향 메모리 수요 강세로 디램과 낸드 가격이 상승하면서 반도체 사업부의 실적이 개선되고, TV와 스마트폰 판매가 기존 예상치를 웃돌 것으로 판단되기 때문""이라고 설명했다.삼성전자는 최근 글로벌 경제 재개로 하반기 IT수요 회복이 기대되는 상황이다. 이로 인해 상반기 부진했던 스마트폰, TV, OLED패널 등의 실적 반등이 예상된다.어 연구원은 ""하반기 반도체 사업부는 데이터센터향 메모리 주문 감소 우려감에도 모바일향 제품 증가로 실적 호조가 기대된다""며 ""실적이 2분기를 바닥으로 완연한 회복세에 진입할 전망""이라고 말했다.[김현정 기자 hjk@mkinternet.com]"
7,005930, 2020.06.18 08:47,파이낸셜뉴스,"""삼성전자, 하반기 완연한 회복세 전망""-DB금융투자",https://finance.naver.com/item/news_read.nhn?article_id=0004445485&office_id=014&code=005930&page=3&sm=,"   [파이낸셜뉴스] DB금융투자는 18일 삼성전자에 대해 올 하반기 글로벌 경제 재개로 IT 수요가 늘어 주력제품 실적 반등이 예상된다며 투자의견 매수와 목표주가 7만원을 유지했다.   DB금융투자가 추정한 삼성전자의 올 2·4분기 매출은 지난해 같은 기간보다 7% 줄어든 52조2000억원, 영업이익은 4.4% 감소한 6조3000억원이다.   어규진 연구원은 ""영업이익이 시장 기대치인 6조원을 웃돌 전망""이라며 ""데이터센터향 메모리 수요 강세로 D램 및 낸드가격이 각각 10.3%, 4.0% 올라 반도체 사업부의 실적이 개선되는 가운데, 우려했던 TV(900만대) 및 스마트폰(5480만대) 판매가 온라인 중심의 판매 호조와 오프라인 매장의 마케팅 비용 축소로 수익성이 기존 예상치를 상회할 것""이라고 예상했다.   글로벌 경제 재개로 하반기 IT수요 회복이 기대되는 점은 호재다. ""어 연구원은 ""상반기 부진했던 삼성전자의 글로벌 1등 제품들(스마트폰, TV, OLED패널 등)의 실적 반등이 기대된다""며 ""하반기 반도체 사업부는 데이터센터향 메모리 주문 감소 우려감에도 모바일향 제품 증가로 출하 증가에 따른 실적 호조가 기대된다""고 말했다.    map@fnnews.com 김정호 기자   "
8,005930, 2020.06.18 08:00,머니투데이,"삼성전자, 2Q실적 시장기대치 상회전망 -DB금융투자",https://finance.naver.com/item/news_read.nhn?article_id=0004426773&office_id=008&code=005930&page=3&sm=," [머니투데이 임동욱 기자] DB금융투자는 18일 삼성전자에 대해 2분기 실적이 시장기대치를 상회할 전망이라며 투자의견 매수 및 목표주가 7만원을 유지했다. 어규진 DB금융투자 연구원은 ""삼성전자의 2분기 실적은 매출액 52조2000억원, 영업이익 6조3000억원으로 시장기대치를 상회할 전망""이라고 분석했다. 어 연구원은 ""데이터센터향 메모리 수요 강세로 D램 및 낸드 가격이 각각 10.3%, 4.0% 상승하며 반도체 사업부의 실적이 개선되는 가운데, 우려했던 TV 및 스마트폰 판매가 온라인 중심의 판매 호조와 오프라인 매장의 마케팅 비용 축소로 수익성이 기존 예상치를 상회할 것으로 판단된다""고 밝혔다. 어 연구원은 ""하반기 반도체 사업부는 모바일향 제품 증가로 출하 증가에 따른 실적 호조가 기대되는 상황에서 세트 사업부의 판매 호조로 실적이 2분기를 바닥으로 완연한 회복세에 진입할 전망""이라며 ""연간 영업이익은 33조3000억원으로 전년 대비 충분히 개선될 전망""이라고 진단했다. 임동욱 기자 dwlim@mt.co.kr"
9,005930, 2020.06.18 08:48,매일경제,"[Hot-Line] ""RFHIC, 하반기 삼성전자 회복 시 가장 큰 수...",https://finance.naver.com/item/news_read.nhn?article_id=0004597644&office_id=009&code=005930&page=3&sm=," 하나금융투자는 18일 RFHIC에 대해 삼정전자가 하반기 회복시 가장 큰 수혜주 부상할 예정이라며 투자의견 매수, 목표주가 5만원을 유지했다.김홍식 하나금융투자 연구원은 ""올 2분기 RFHIC 영업 적자가 예상된다""며 ""화웨이향 매출액이 극히 부진한 데다가 삼성전자 매출이 8~9월에나 본격화될 것으로 예상돼 전체 매출액이 200억원에도 못 미칠 것""이라고 내다봤다.상반기 실적 부진으로 올해 순이익 증가가 불투명한 상황이지만 하반기 이익 성장이 나타날 전망이다. 중국 내 하웨이 매출이 불투명해진 반면 일본·미국·인도 시장에서 삼성전자와 노키아 수혜가 예상되기 때문이다.김 연구원은 ""RFHIC 주주들이 우려하는 중국의 장비 국산화 이슈는 당초 예상대로 부정적 영향을 미치고 있고 당분간 쉽게 해결될 가능성도 낮다""면서도 ""다만 신흥 시장 수요에 힘입어 하반기에 삼성전자가 상반기 부진을 딛고 하반기에 이익개선이 나타난다면 가장 큰 수혜를 받을 종목""이라고 강조했다.삼성전자가 고주파수에서의 강점을 바탕으로 미국·일본·인도 시장에서 시장 확대에 나설 가능성이 높고 가장 중요시할 협력업체 중 하나가 RFHIC이기 때문이다.김 연구원은 "" 이재용 삼성전자 부회장의 목표인 네트워크장비 M/S 20% 달성을 위해 하반기에 성과를 기대한다면 지금이 적극 매수의 적기""라고 덧붙였다.[김규리 기자 wizkim61@mkinternet.com]"
10,005930, 2020.06.18 08:27,머니투데이,"RFHIC, 삼성전자 힘입어 2H 이익 급성장 전망-하나금투",https://finance.naver.com/item/news_read.nhn?article_id=0004426787&office_id=008&code=005930&page=3&sm=," [머니투데이 강민수 기자] 하나금융투자는 18일 RFHIC가 하반기 이익이 급성장할 것이라고 전망했다. 투자의견은 매수, 목표주가는 5만원을 유지했다. 17일 종가는 3만5050원이다. 김홍식 하나금융투자 연구원은 ""상반기 실적 부진으로 올해 순이익 증가가 불투명한 상황이지만 올해 하반기나 내년 상반기 실적으로 보면 가파른 이익 성장이 예상된다""며 ""하반기 미국·인도·일본 시장 성장 및 삼성전자 시장점유율(M/S) 상승 시 최대 수혜주로 부상하는 데다, 화웨이에 대한 우려가 충분히 주가에 반영된 상태이기 때문""이라고 설명했다. 김 연구원은 ""화웨이향 매출이 극히 부진한 데다 삼성전자향 매출이 오는 8~9월에나 본격화될 전망이라 2분기에 영업 적자가 예상된다""면서도 ""삼성·노키아를 통한 미국·인도·일본 수출이 3분기부터 점진적 증가세를 나타낼 것으로 보여 하반기엔 재차 가파른 이익 성장이 기대된다""고 내다봤다. 이어 ""하반기에 삼성전자가 상반기 부진을 딛고 괄목할만한 성과를 보인다면 가장 큰 수혜를 받을 종목""이라며 ""삼성전자가 고주파수에서의 강점을 바탕으로 시장 확대에 나설 가능성이 높고 가장 중요시할 협력업체 중 하나가 RFHIC""라고 강조했다. 강민수 기자 fullwater7@mt.co.kr"
11,005930, 2020.06.18 08:32,파이낸셜뉴스,"""삼성전자, 2분기 실적 우려와 달리 양호 전망""-KB증권",https://finance.naver.com/item/news_read.nhn?article_id=0004445471&office_id=014&code=005930&page=3&sm=,"   [파이낸셜뉴스] KB증권은 삼성전자에 대해 ""올해 2·4분기 실적이 우려와 달리 양호할 것으로 예상된다""면서 낮아진 시장 기대치를 상회하는 실적을 보일 것이라고 18일 전망했다.   김동원 연구원은 ""삼성전자의 올해 2·4분기 영업이익은 작년 동기보다 8.7% 낮아진 6조200억원으로 추정하고 있다""면서 ""이는 컨센서스 영업이익(6조3000억원)을 소폭 하회할 것으로 예상하고 있지만 최근 낮아진 시장 기대치(5조7000억원)는 상회할 것""이라고 말했다.   이어 ""2·4분기 말 현재 삼성전자의 TV, 스마트폰 판매가 예상을 큰 폭 상회하고 있어 실적은 컨센서스를 상회할 가능성도 열려 있다""고 설명했다. 특히 6월부터 디스플레이 사업부 가동률도 빠르게 회복되고 있어 디스플레이 부문 실적도 개선될 가능성이 크다고 내다봤다.   그러면서 김 연구원은 ""삼성전자의 올해 하반기 평균 영업이익은 9조1000억원으로 예상된다""면서 ""상반기 분기 평균 영업이익(6조3000억원) 대비 45% 급증할 것으로 추정된다""고 말했다. 이어 ""이에따라 삼성전자는 올 상반기에 실적 바닥 확인이 예상돼 하반기에는 우상향의 주가 흐름이 기대된다""고 덧붙였다.    khj91@fnnews.com 김현정 기자   "
12,005930, 2020.06.18 08:26,이데일리,"삼성전자, 하반기 영업익 상반기보다 45% 증가-KB",https://finance.naver.com/item/news_read.nhn?article_id=0004666992&office_id=018&code=005930&page=3&sm=," [이데일리 전재욱 기자] KB증권은 삼성전자(005930) 하반기 분기 평균 영업이익이 9조1000억원을 기록해 상반기 분기 평균 6조3000억원 보다 45% 급증할 것이라고 18일 추정했다.김동원 KB증권 연구원은 보고서에서 “삼성전자는 올 상반기에 실적 바닥 확인이 예상되어 하반기에는 우상향의 주가 흐름이 기대된다”며 이같이 전망했다. 영업익은 3분기 8조8000억원, 4분기 9조3000억원을 예상했다.김 연구원은 “세트 사업 (TV, 스마트 폰) 판매 호조는 계절적 성수기에 진입하는 3분기부터 가속화가 예상되고, 코로나19로 촉발된 비대면 경제 활성화는 하반기 서버 D램과 엔터프라이즈 SSD의 양호한 수요를 견인할 것”이라고 했다.김 연구원은 “삼성전자 2분기 영업이익을 6조200억원(전년 대비 -8.7%, 1분기 대비 -6.6%)으로 추정하고 있어 컨센서스 영업이익(6조3000억원)을 소폭 하회할 것”이라면서도 “최근 낮아진 시장 기대치(5조7000억원)는 상회할 것”이라고 했다.그는 “2분기 말 현재 TV(CE), 스마트폰(IM) 판매가 예상을 큰 폭 상회하고 있어 삼성전자 2분기 실적은 컨센서스를 상회할 가능성도 열려 있다”며 “6월부터 디스플레이(DP) 사업부 가동률도 빠르게 회복되고 있어 2분기 DP 부문 실적도 개선될 가능성이 클 전망”이라고 했다. 이어 “현재 삼성전자 2분기 부문별 추정 영업이익은 반도체 5조2000억원, IM(스마트 폰) 1조4000억원, DP(디스플레이) -8000억원, CE(가전) 4000억원, 하만 -2000억원”이라고 제시했다.김 연구원은 “2분기 현재 삼성전자 TV, 스마트 폰 등의 세트 판매는 예상을 상회하는 호조세를 나타내고 있다”며 “2분기 초에는 유통채널 영업중단과 봉쇄조치 등으로 스마트 폰, TV 판매가 예상을 하회했으나, 6월부터 유통채널 영업재개와 보복성 소비가 맞물리며 TV, 스마트 폰 판매가 큰 폭의 증가세를 시현하고 있는 것으로 판단된다”고 했다. 이어 “특히 2분기 말 현재 세트사업 호조는 부품사업 출하증가의 시너지 효과가 동시에 발생해 하반기에는 세트와 부품 실적이 동시에 개선될 가능성이 클 전망”이라고 덧붙였다.전재욱 (imfew@edaily.co.kr)네이버에서 ‘이데일리’ 구독하기"
13,005930, 2020.06.18 06:01,서울경제,"'전세계 스마트폰 반짝 1위' 화웨이, 美제재에 감산...삼성 '반사이...",https://finance.naver.com/item/news_read.nhn?article_id=0003755175&office_id=011&code=005930&page=3&sm=,"부품거래처에 조달계획 변경 통지""10%만큼 주문 규모 줄이겠다고 전해와""올해 1억대 5G 스마트폰 생산계획 차질4월 글로벌 1위 등극했지만 내려갈듯中정부 ""화웨이 못잃어""...캐나다에 무역보복/AFP연합뉴스[서울경제] 중국의 최대 통신기기업체 화웨이가 올해 스마트폰 감산에 나선다. 미국 정부가 지난달 화웨이를 겨냥해 제재를 강화하면서 스마트폰에 들어갈 반도체를 공급 받는 데 차질이 빚어졌기 때문이다. 올해 4월 삼성전자(005930)를 제치고 세계 1위 스마트폰 판매 브랜드로 올라선 화웨이가 반도체 제재의 직격탄을 맞으면서 국내 스마트폰 업체가 반사이익을 누릴 것으로 보인다.━ 해외 거래처에 생산량 감축 통보  17일 일본 니혼게이자이신문에 따르면 화웨이는 복수의 거래처에 조달계획을 변경한다고 전달했다. 한 전자 업체는 올해 1월에만 해도 화웨이로부터 스마트폰 2억4,000만대분에 해당하는 부품을 주문받았지만 이달 초에 10%만큼 주문 규모를 줄이겠다고 통지를 받았다. 조달 계획을 반기 중에 변경하는 것은 이례적이라고 닛케이는 전했다.다른 반도체업체의 한 간부도 지난달 중순 미국 정부의 화웨이 제재 발표가 나온 직후 화웨이로부터 올 3·4분기 부품 구매가 계획에 비해 20% 줄어들 것이라는 통보를 받았다. 당초 화웨이는 연말 발매 예정인 플래그십 스마트폰을 이달부터 양산할 것이란 전망이 나왔다. 하지만 복수의 해외 부품 업체들은 일단 별도의 통보가 있을 때까지 생산을 그만두라는 요청을 받았다고 닛케이는 전했다. 닛케이는 “미국의 제재로 화웨이가 반도체 조달처를 바꿔야 하는 처지에 놓이면서 스마트폰 설계 역시 재검토해야 하는 상황”이라고 분석했다.화웨이의 스마트폰 P30 프로 기종./위키피디아 캡처화웨이의 스마트폰 P30 프로 기종./위키피디아 캡처화웨이는 자사가 설계한 첨단 반도체의 대부분을 대만 파운드리 업체인 TSMC에 위탁 생산하고 있다. 하지만 미국 제재로 인해 미국산 장비를 이용해 만든 반도체의 화웨이 수출은 오는 9월부터 금지되기 때문에 화웨이는 TSMC로부터 반도체 조달을 받지 못하게 된다. 이미 TSMC는 미 제재 이후 화웨이로부터의 신규 수주를 중단한 상태다.이에 따라 화웨이가 향후 대체 조달처를 확보하지 못하면 5세대(5G) 스마트폰 등 고급 기종을 중심으로 생산하는 데 차질을 빚을 전망이다. 현재 스마트폰 시장은 신종 코로나바이러스 감염증(코로나19)의 영향으로 정체된 상태지만 5G 스마트폰 수요는 더욱 높아지고 있다. 부품 업체들은 올해 화웨이가 5G 스마트폰을 약 1억대 생산할 계획이었다고 전했다. 미 제재에 직면한 화웨이는 대만의 반도체 개발설계 업체 롄파과기(聯發科技) 등을 통해 반도체를 조달하겠다는 방침이지만 아직 부품 확보가 불안한 상황이다. 미즈호 증권의 나카네 야스오 시니어 애널리스트는 화웨이의 올해 스마트폰 출하 대수 전망치를 기존 2억대에서 10% 인하했으며 내년 이후 기술 로드맵이 1년 정도 정체할 가능성이 있다고 지적했다.━ 세계 1위 올라선 시점에 제재 타격 더욱 커  화웨이가 중국 내 ‘애국 소비’를 등에 업고 최근 세계 최대 스마트폰 판매 업체로 등극한 만큼 미 제재에 따른 감산 결정은 뼈 아플 수 밖에 없다는 지적이 나온다. 관영 환구시보 등 중국 매체들은 지난 16일 화웨이의 4월 스마트폰 판매량이 삼성전자보다 많았다는 시장 조사업체 카운터포인트 보고서 내용을 대대적으로 보도했다.보고서에 따르면 4월 세계 스마트폰 판매량이 전년 동월보다 41% 감소한 6,937만대를 기록한 가운데 화웨이와 삼성전자의 시장 점유율은 각각 21.4%, 19.1%를 기록했다. 그간 스마트폰 세계 1위를 공언하던 화웨이가 월간 판매량에서 삼성전자를 제친 것은 이번이 처음이다. 다만 올해 1·4분기 전체로는 삼성전자의 판매량이 5,533만대(18.5%)로 화웨이 판매량 4,250만대(14.2%)를 앞섰다./AP연합뉴스/AP연합뉴스월간 기준에서 화웨이가 1위를 차지한 것은 삼성전자의 주요 해외 시장 판매가 부진한 영향도 한몫했다. 카운터포인트는 “중국 스마트폰 시장은 이미 회복이 시작됐지만 삼성의 갤럭시20 판매는 부진했는데 이는 부분적으로 인도의 코로나19 봉쇄 등의 영향을 받았다”고 분석했다.중국 정부 산하 중국정보통신연구원에 따르면 4월 중국 휴대전화 판매량은 4,173만대로 전년 동기 대비 14.2% 증가했다. 올해 들어 중국에서 월간 휴대전화 판매가 늘어난 것은 처음이었다. 지난해 5월부터 시작된 미국의 제재로 화웨이는 해외 시장에서 고전하고 있지만 이에 반발한 중국인들의 ‘애국 소비’ 성향이 짙어지면서 화웨이의 자국 시장 입지는 더욱 강해졌다. 이에 따라 화웨이의 올해 1·4분기 중국 스마트폰 시장 점유율은 39%로 전년 동기의 29%보다 10%포인트나 높아졌다.━ 中정부, 고립무원 화웨이 방패막이...무역보복 카드도 서슴지 않아  중국 정부는 국제 사회에서 화웨이가 고립되자 무역보복 카드를 꺼내며 반격에 나서는 모습이다. 특히 멍완저우 화웨이 부회장의 재판 문제로 캐나다와 갈등의 골이 깊어진 중국은 ‘캐나다산 수입 금지’라는 칼을 다시 꺼내 들었다.로이터통신에 따르면 자오리젠 중국 외교부 대변인은 16일 브리핑에서 기자들에게 “캐나다산 수입 목재에서 해충이 발견돼 이를 캐나다 측에 알리고 조사를 요구했다”고 밝혔다. 그는 “중국 항만 당국은 캐나다산 수입 목재에서 해충을 발견해 캐나다 측에 관련 조사와 해결 방안을 요구했다”며 “중국의 삼림과 생태계 안전을 지키는 것은 중국 정부의 임무다”라고 밝혔다.멍완저우 화웨이 부회장./로이터연합뉴스지난해 중국은 해충에 대한 우려를 이유로 캐나다의 주요 대중국 수출 농산물인 캐놀라유 수입을 중단한 바 있다. 나아가 돼지고기, 소고기 등 육류제품 수입을 전면 중단하기도 했다. 2018년 12월 1일 미국의 대이란 제재 위반 혐의로 중국 통신장비 제조업체인 화웨이의 멍완저우 부회장이 캐나다에서 체포된 후 양국의 갈등은 갈수록 커지고 있다. 캐나다가 중국의 반발에도 불구하고 멍 부회장의 신병을 미국으로 인도하는 절차에 착수하자, 중국 정부는 이를 강력하게 비판하면서 캐나다가 멍 부회장을 즉각 석방할 것을 촉구해 왔다./김기혁기자 coldmetal@sedaily.com[서울경제 바로가기]"
